CommandeID,VendeurID,ClientID,CommandeDate
cmd_0,vnd_6,clt_107,1992-07-26
cmd_1,vnd_11,clt_21,2014-02-28
cmd_2,vnd_12,clt_249,2019-10-14
cmd_3,vnd_25,clt_60,1991-11-14
cmd_4,vnd_13,clt_204,1977-11-10
cmd_5,vnd_8,clt_165,2007-06-21
cmd_6,vnd_20,clt_156,2015-10-17
cmd_7,vnd_28,clt_104,1974-12-12
cmd_8,vnd_24,clt_107,1983-05-29
cmd_9,vnd_20,clt_108,2012-06-01
cmd_10,vnd_3,clt_83,1979-02-05
cmd_11,vnd_29,clt_79,1991-05-23
cmd_12,vnd_20,clt_273,2018-11-28
cmd_13,vnd_6,clt_197,1980-06-25
cmd_14,vnd_11,clt_137,2016-08-30
cmd_15,vnd_20,clt_233,2022-05-01
cmd_16,vnd_26,clt_114,1996-05-15
cmd_17,vnd_27,clt_287,1970-11-22
cmd_18,vnd_19,clt_163,2019-11-06
cmd_19,vnd_9,clt_253,1988-03-24
cmd_20,vnd_1,clt_241,2003-07-28
cmd_21,vnd_20,clt_251,2000-10-28
cmd_22,vnd_25,clt_12,2003-01-19
cmd_23,vnd_0,clt_145,1994-07-20
cmd_24,vnd_11,clt_151,2004-11-03
cmd_25,vnd_2,clt_227,2009-02-24
cmd_26,vnd_1,clt_38,1971-05-14
cmd_27,vnd_20,clt_42,2006-04-25
cmd_28,vnd_23,clt_176,1980-08-23
cmd_29,vnd_23,clt_260,1983-03-29
cmd_30,vnd_0,clt_252,2003-03-15
cmd_31,vnd_18,clt_27,2014-07-25
cmd_32,vnd_3,clt_117,1998-02-21
cmd_33,vnd_21,clt_154,1979-03-19
cmd_34,vnd_28,clt_24,1999-09-11
cmd_35,vnd_19,clt_136,2015-01-17
cmd_36,vnd_12,clt_50,1990-11-28
cmd_37,vnd_0,clt_255,2016-09-05
cmd_38,vnd_21,clt_144,1980-01-25
cmd_39,vnd_20,clt_120,1998-01-03
cmd_40,vnd_17,clt_298,2020-07-09
cmd_41,vnd_22,clt_185,1992-11-28
cmd_42,vnd_17,clt_121,1999-08-30
cmd_43,vnd_15,clt_274,2016-12-09
cmd_44,vnd_14,clt_45,1981-08-08
cmd_45,vnd_6,clt_277,1981-08-04
cmd_46,vnd_20,clt_202,1982-03-23
cmd_47,vnd_7,clt_287,1989-11-03
cmd_48,vnd_4,clt_276,2020-04-29
cmd_49,vnd_22,clt_76,1977-05-15
cmd_50,vnd_26,clt_150,1978-10-16
cmd_51,vnd_27,clt_100,1979-07-30
cmd_52,vnd_11,clt_62,2014-04-03
cmd_53,vnd_6,clt_272,2001-10-30
cmd_54,vnd_26,clt_26,2019-09-10
cmd_55,vnd_20,clt_154,2020-03-24
cmd_56,vnd_22,clt_261,1973-12-24
cmd_57,vnd_23,clt_154,1983-03-02
cmd_58,vnd_28,clt_61,2006-10-24
cmd_59,vnd_25,clt_165,1996-12-31
cmd_60,vnd_20,clt_190,1971-04-24
cmd_61,vnd_9,clt_294,2021-01-21
cmd_62,vnd_6,clt_84,1990-03-15
cmd_63,vnd_25,clt_121,2002-07-22
cmd_64,vnd_17,clt_119,2000-08-03
cmd_65,vnd_9,clt_13,1978-07-17
cmd_66,vnd_1,clt_121,2002-01-23
cmd_67,vnd_9,clt_191,2019-09-07
cmd_68,vnd_13,clt_76,2022-11-02
cmd_69,vnd_26,clt_159,2000-07-14
cmd_70,vnd_7,clt_271,1973-05-08
cmd_71,vnd_9,clt_217,1990-01-27
cmd_72,vnd_1,clt_265,1970-01-15
cmd_73,vnd_20,clt_67,1987-09-22
cmd_74,vnd_3,clt_218,2001-03-22
cmd_75,vnd_8,clt_137,2015-08-16
cmd_76,vnd_18,clt_62,1991-03-10
cmd_77,vnd_29,clt_158,2004-03-15
cmd_78,vnd_3,clt_248,2019-08-16
cmd_79,vnd_21,clt_13,2014-09-10
cmd_80,vnd_29,clt_199,2022-03-18
cmd_81,vnd_13,clt_225,1985-06-02
cmd_82,vnd_5,clt_141,1991-06-01
cmd_83,vnd_24,clt_187,1986-01-31
cmd_84,vnd_24,clt_204,1985-09-13
cmd_85,vnd_26,clt_259,1981-01-11
cmd_86,vnd_4,clt_214,2011-08-13
cmd_87,vnd_24,clt_246,1990-11-09
cmd_88,vnd_7,clt_53,1977-03-29
cmd_89,vnd_9,clt_77,1970-04-04
cmd_90,vnd_23,clt_230,1978-11-10
cmd_91,vnd_18,clt_64,2021-02-15
cmd_92,vnd_20,clt_111,1988-07-02
cmd_93,vnd_20,clt_16,1994-11-26
cmd_94,vnd_21,clt_149,2003-03-01
cmd_95,vnd_27,clt_155,1985-04-13
cmd_96,vnd_24,clt_275,2018-12-21
cmd_97,vnd_14,clt_19,1972-03-16
cmd_98,vnd_13,clt_23,1972-01-01
cmd_99,vnd_28,clt_19,2011-02-07
cmd_100,vnd_28,clt_207,1977-12-25
cmd_101,vnd_21,clt_150,1979-10-20
cmd_102,vnd_4,clt_126,2022-07-26
cmd_103,vnd_24,clt_264,2024-03-25
cmd_104,vnd_21,clt_57,1995-02-25
cmd_105,vnd_25,clt_61,2008-06-22
cmd_106,vnd_27,clt_152,1977-03-29
cmd_107,vnd_25,clt_17,2000-03-28
cmd_108,vnd_4,clt_126,2000-07-02
cmd_109,vnd_1,clt_261,1997-08-05
cmd_110,vnd_12,clt_253,2009-02-16
cmd_111,vnd_15,clt_23,1973-11-12
cmd_112,vnd_16,clt_59,1997-05-25
cmd_113,vnd_14,clt_91,1988-07-15
cmd_114,vnd_8,clt_180,1992-05-24
cmd_115,vnd_17,clt_46,1983-12-07
cmd_116,vnd_23,clt_56,1985-12-02
cmd_117,vnd_28,clt_33,1991-03-04
cmd_118,vnd_4,clt_110,1997-07-09
cmd_119,vnd_7,clt_273,2017-11-11
cmd_120,vnd_6,clt_198,1974-04-14
cmd_121,vnd_2,clt_201,1975-08-23
cmd_122,vnd_15,clt_224,2012-09-17
cmd_123,vnd_25,clt_213,1975-01-04
cmd_124,vnd_5,clt_161,2002-01-23
cmd_125,vnd_8,clt_151,1979-08-23
cmd_126,vnd_19,clt_163,2023-06-03
cmd_127,vnd_6,clt_240,2003-10-31
cmd_128,vnd_24,clt_213,1993-02-19
cmd_129,vnd_27,clt_40,2015-10-07
cmd_130,vnd_3,clt_231,1993-11-13
cmd_131,vnd_29,clt_165,2005-06-02
cmd_132,vnd_20,clt_102,2022-05-06
cmd_133,vnd_18,clt_141,1983-11-16
cmd_134,vnd_7,clt_103,1987-06-16
cmd_135,vnd_22,clt_153,2010-12-19
cmd_136,vnd_0,clt_278,2013-08-10
cmd_137,vnd_3,clt_117,2024-02-19
cmd_138,vnd_14,clt_174,2009-07-24
cmd_139,vnd_12,clt_149,2006-01-16
cmd_140,vnd_12,clt_260,2019-05-14
cmd_141,vnd_25,clt_141,2013-08-18
cmd_142,vnd_9,clt_183,2000-03-24
cmd_143,vnd_22,clt_72,1971-10-18
cmd_144,vnd_21,clt_167,2021-02-25
cmd_145,vnd_1,clt_240,1981-08-07
cmd_146,vnd_4,clt_187,2020-03-08
cmd_147,vnd_19,clt_142,1999-12-29
cmd_148,vnd_17,clt_210,1972-08-07
cmd_149,vnd_7,clt_33,2005-02-06
cmd_150,vnd_29,clt_185,1985-01-12
cmd_151,vnd_23,clt_98,2003-03-07
cmd_152,vnd_0,clt_169,1990-12-29
cmd_153,vnd_14,clt_17,2005-01-02
cmd_154,vnd_12,clt_34,1982-07-17
cmd_155,vnd_17,clt_263,2009-11-05
cmd_156,vnd_4,clt_284,2007-01-25
cmd_157,vnd_4,clt_233,2024-07-01
cmd_158,vnd_27,clt_140,1975-05-12
cmd_159,vnd_2,clt_160,1998-01-12
cmd_160,vnd_21,clt_124,2009-02-08
cmd_161,vnd_28,clt_202,2014-12-29
cmd_162,vnd_7,clt_155,2009-05-19
cmd_163,vnd_11,clt_244,2000-06-20
cmd_164,vnd_24,clt_32,1982-06-19
cmd_165,vnd_19,clt_257,2009-11-01
cmd_166,vnd_16,clt_275,2008-03-04
cmd_167,vnd_8,clt_157,1982-05-07
cmd_168,vnd_24,clt_211,1985-09-29
cmd_169,vnd_14,clt_54,2007-06-01
cmd_170,vnd_21,clt_10,1975-01-25
cmd_171,vnd_14,clt_202,2023-01-08
cmd_172,vnd_14,clt_255,2014-01-20
cmd_173,vnd_25,clt_150,1995-01-09
cmd_174,vnd_19,clt_196,2007-08-25
cmd_175,vnd_12,clt_44,1973-06-16
cmd_176,vnd_10,clt_230,1986-12-21
cmd_177,vnd_18,clt_270,2014-02-22
cmd_178,vnd_3,clt_149,1999-10-14
cmd_179,vnd_15,clt_242,2013-02-15
cmd_180,vnd_22,clt_118,2020-04-30
cmd_181,vnd_24,clt_57,2009-02-21
cmd_182,vnd_3,clt_264,1991-02-27
cmd_183,vnd_8,clt_279,1973-12-08
cmd_184,vnd_4,clt_269,2011-11-19
cmd_185,vnd_14,clt_1,1984-02-12
cmd_186,vnd_1,clt_112,2020-08-31
cmd_187,vnd_16,clt_60,2005-04-04
cmd_188,vnd_1,clt_60,1977-04-25
cmd_189,vnd_16,clt_297,2006-06-27
cmd_190,vnd_16,clt_167,1976-04-17
cmd_191,vnd_20,clt_138,2001-09-23
cmd_192,vnd_4,clt_11,1972-10-26
cmd_193,vnd_18,clt_115,1973-07-11
cmd_194,vnd_11,clt_240,1989-08-30
cmd_195,vnd_15,clt_143,1993-01-31
cmd_196,vnd_0,clt_264,1985-02-10
cmd_197,vnd_26,clt_16,2021-04-16
cmd_198,vnd_7,clt_66,1977-02-03
cmd_199,vnd_10,clt_89,1989-11-10
cmd_200,vnd_27,clt_73,1997-05-06
cmd_201,vnd_16,clt_29,2001-07-04
cmd_202,vnd_3,clt_170,1986-03-21
cmd_203,vnd_9,clt_24,2012-04-08
cmd_204,vnd_20,clt_188,1991-02-26
cmd_205,vnd_2,clt_277,2010-11-13
cmd_206,vnd_19,clt_108,2003-08-22
cmd_207,vnd_7,clt_16,1990-11-08
cmd_208,vnd_16,clt_247,1972-06-08
cmd_209,vnd_2,clt_241,1983-10-29
cmd_210,vnd_26,clt_62,1980-09-08
cmd_211,vnd_9,clt_292,1998-04-30
cmd_212,vnd_1,clt_190,1979-09-14
cmd_213,vnd_21,clt_30,2015-06-27
cmd_214,vnd_11,clt_119,2002-05-06
cmd_215,vnd_0,clt_159,2001-11-28
cmd_216,vnd_25,clt_100,1985-02-19
cmd_217,vnd_10,clt_79,2019-11-17
cmd_218,vnd_20,clt_102,2024-02-15
cmd_219,vnd_15,clt_31,1982-06-15
cmd_220,vnd_16,clt_216,1971-01-08
cmd_221,vnd_17,clt_82,2012-06-21
cmd_222,vnd_7,clt_10,2001-06-01
cmd_223,vnd_0,clt_246,1989-08-30
cmd_224,vnd_4,clt_52,1994-04-23
cmd_225,vnd_12,clt_216,2000-05-29
cmd_226,vnd_4,clt_12,2018-10-28
cmd_227,vnd_15,clt_110,1995-09-25
cmd_228,vnd_15,clt_119,1980-07-24
cmd_229,vnd_0,clt_62,2020-05-25
cmd_230,vnd_6,clt_138,2004-01-22
cmd_231,vnd_4,clt_293,1994-04-11
cmd_232,vnd_17,clt_241,1978-09-12
cmd_233,vnd_9,clt_123,2019-10-07
cmd_234,vnd_18,clt_267,1988-07-23
cmd_235,vnd_14,clt_46,1993-12-15
cmd_236,vnd_14,clt_9,1988-03-28
cmd_237,vnd_10,clt_144,2017-01-09
cmd_238,vnd_10,clt_51,1989-10-20
cmd_239,vnd_7,clt_244,2001-12-01
cmd_240,vnd_23,clt_133,1991-10-23
cmd_241,vnd_4,clt_112,1986-10-15
cmd_242,vnd_8,clt_94,1995-01-08
cmd_243,vnd_1,clt_292,2006-12-20
cmd_244,vnd_9,clt_155,1996-10-10
cmd_245,vnd_0,clt_58,1993-02-17
cmd_246,vnd_0,clt_292,1999-07-13
cmd_247,vnd_21,clt_7,2008-04-12
cmd_248,vnd_4,clt_126,2001-05-16
cmd_249,vnd_14,clt_69,1986-08-25
cmd_250,vnd_26,clt_92,1978-12-13
cmd_251,vnd_0,clt_296,1998-02-22
cmd_252,vnd_9,clt_106,2022-04-03
cmd_253,vnd_6,clt_54,2016-12-14
cmd_254,vnd_6,clt_295,2015-05-24
cmd_255,vnd_20,clt_278,2001-12-30
cmd_256,vnd_24,clt_20,2020-12-30
cmd_257,vnd_8,clt_278,1987-03-22
cmd_258,vnd_16,clt_280,1985-08-23
cmd_259,vnd_6,clt_27,1982-10-23
cmd_260,vnd_22,clt_81,1998-03-24
cmd_261,vnd_11,clt_82,2020-01-03
cmd_262,vnd_21,clt_283,1996-07-08
cmd_263,vnd_12,clt_171,2015-10-30
cmd_264,vnd_8,clt_71,1994-11-30
cmd_265,vnd_3,clt_92,2017-04-14
cmd_266,vnd_5,clt_217,2000-04-30
cmd_267,vnd_12,clt_244,2012-09-07
cmd_268,vnd_14,clt_64,2009-12-07
cmd_269,vnd_4,clt_31,1997-01-10
cmd_270,vnd_9,clt_168,1986-03-18
cmd_271,vnd_7,clt_200,2021-05-01
cmd_272,vnd_20,clt_203,2008-02-04
cmd_273,vnd_9,clt_12,2001-09-05
cmd_274,vnd_3,clt_33,1997-11-26
cmd_275,vnd_9,clt_166,1986-12-25
cmd_276,vnd_5,clt_22,2011-12-17
cmd_277,vnd_4,clt_274,1992-05-10
cmd_278,vnd_20,clt_170,1990-01-04
cmd_279,vnd_23,clt_249,1992-08-10
cmd_280,vnd_29,clt_100,2021-02-08
cmd_281,vnd_12,clt_78,1980-11-29
cmd_282,vnd_12,clt_42,1977-11-17
cmd_283,vnd_11,clt_112,1991-06-11
cmd_284,vnd_11,clt_262,1978-07-11
cmd_285,vnd_6,clt_213,2024-01-06
cmd_286,vnd_9,clt_4,2017-08-21
cmd_287,vnd_13,clt_147,1973-06-01
cmd_288,vnd_21,clt_149,1981-08-09
cmd_289,vnd_10,clt_91,2003-12-05
cmd_290,vnd_28,clt_76,1970-02-04
cmd_291,vnd_10,clt_128,2010-05-25
cmd_292,vnd_17,clt_210,1979-02-24
cmd_293,vnd_13,clt_290,1992-09-28
cmd_294,vnd_29,clt_274,1983-07-31
cmd_295,vnd_27,clt_49,2015-06-01
cmd_296,vnd_9,clt_112,2013-02-08
cmd_297,vnd_11,clt_35,1972-02-17
cmd_298,vnd_14,clt_113,1989-08-31
cmd_299,vnd_3,clt_169,2022-01-27
cmd_300,vnd_19,clt_167,1971-10-15
cmd_301,vnd_0,clt_211,1983-04-09
cmd_302,vnd_26,clt_241,1995-12-01
cmd_303,vnd_11,clt_210,2012-10-06
cmd_304,vnd_18,clt_80,1997-07-25
cmd_305,vnd_29,clt_195,1979-06-26
cmd_306,vnd_6,clt_141,1972-05-11
cmd_307,vnd_21,clt_0,1971-01-11
cmd_308,vnd_23,clt_119,1972-04-27
cmd_309,vnd_27,clt_126,1979-10-15
cmd_310,vnd_22,clt_60,2022-12-06
cmd_311,vnd_2,clt_177,1998-05-23
cmd_312,vnd_27,clt_168,1981-03-19
cmd_313,vnd_5,clt_210,1980-09-13
cmd_314,vnd_10,clt_59,1985-11-28
cmd_315,vnd_5,clt_109,2019-10-23
cmd_316,vnd_15,clt_226,1987-10-04
cmd_317,vnd_3,clt_237,1972-04-13
cmd_318,vnd_3,clt_150,2000-05-14
cmd_319,vnd_25,clt_290,1992-04-26
cmd_320,vnd_8,clt_16,1987-11-12
cmd_321,vnd_4,clt_19,1983-05-06
cmd_322,vnd_16,clt_247,2021-08-20
cmd_323,vnd_9,clt_196,2006-10-24
cmd_324,vnd_2,clt_22,2003-08-19
cmd_325,vnd_23,clt_202,1986-07-05
cmd_326,vnd_2,clt_64,2004-05-10
cmd_327,vnd_11,clt_93,1975-04-02
cmd_328,vnd_5,clt_35,1986-03-10
cmd_329,vnd_17,clt_114,2019-03-19
cmd_330,vnd_15,clt_65,1982-09-19
cmd_331,vnd_13,clt_288,1984-09-05
cmd_332,vnd_6,clt_71,2008-03-29
cmd_333,vnd_12,clt_83,2016-03-30
cmd_334,vnd_12,clt_104,2010-01-10
cmd_335,vnd_16,clt_97,2012-03-29
cmd_336,vnd_6,clt_267,1974-05-11
cmd_337,vnd_29,clt_14,1978-06-04
cmd_338,vnd_23,clt_121,2013-06-08
cmd_339,vnd_1,clt_257,2012-06-24
cmd_340,vnd_20,clt_145,2024-01-06
cmd_341,vnd_7,clt_115,1986-04-11
cmd_342,vnd_24,clt_51,1992-01-09
cmd_343,vnd_6,clt_3,2003-09-29
cmd_344,vnd_8,clt_257,2008-08-25
cmd_345,vnd_16,clt_214,2007-09-09
cmd_346,vnd_22,clt_171,1993-10-04
cmd_347,vnd_18,clt_60,2017-04-16
cmd_348,vnd_19,clt_89,1975-07-25
cmd_349,vnd_3,clt_32,1999-10-25
cmd_350,vnd_7,clt_30,1982-08-29
cmd_351,vnd_11,clt_45,2000-05-29
cmd_352,vnd_24,clt_251,1993-12-01
cmd_353,vnd_20,clt_251,1973-09-11
cmd_354,vnd_13,clt_100,1970-06-12
cmd_355,vnd_14,clt_156,2003-12-12
cmd_356,vnd_4,clt_187,1994-12-09
cmd_357,vnd_10,clt_198,2000-08-08
cmd_358,vnd_25,clt_12,2021-12-01
cmd_359,vnd_29,clt_297,1994-07-29
cmd_360,vnd_24,clt_273,2003-05-12
cmd_361,vnd_2,clt_75,1975-08-25
cmd_362,vnd_29,clt_173,2003-03-28
cmd_363,vnd_16,clt_279,2010-05-26
cmd_364,vnd_8,clt_71,1987-01-11
cmd_365,vnd_10,clt_17,1975-05-13
cmd_366,vnd_25,clt_134,1989-09-19
cmd_367,vnd_0,clt_214,2022-08-26
cmd_368,vnd_12,clt_184,2015-07-03
cmd_369,vnd_17,clt_241,1992-01-06
cmd_370,vnd_29,clt_48,2024-04-05
cmd_371,vnd_26,clt_179,1976-06-18
cmd_372,vnd_6,clt_181,1993-03-17
cmd_373,vnd_6,clt_38,1999-11-18
cmd_374,vnd_20,clt_168,1977-10-19
cmd_375,vnd_14,clt_132,1980-09-01
cmd_376,vnd_17,clt_74,1985-11-28
cmd_377,vnd_5,clt_156,1980-04-14
cmd_378,vnd_18,clt_9,2011-03-30
cmd_379,vnd_3,clt_165,2002-09-16
cmd_380,vnd_4,clt_30,2012-07-01
cmd_381,vnd_18,clt_165,2006-06-14
cmd_382,vnd_3,clt_10,1990-08-03
cmd_383,vnd_10,clt_122,2017-09-30
cmd_384,vnd_20,clt_178,1971-02-07
cmd_385,vnd_27,clt_117,1976-02-10
cmd_386,vnd_24,clt_27,1972-09-07
cmd_387,vnd_25,clt_38,2002-05-11
cmd_388,vnd_27,clt_154,2012-07-14
cmd_389,vnd_28,clt_220,2007-01-03
cmd_390,vnd_2,clt_123,2014-06-12
cmd_391,vnd_5,clt_197,1977-02-04
cmd_392,vnd_24,clt_142,1990-03-07
cmd_393,vnd_24,clt_76,1974-03-24
cmd_394,vnd_29,clt_296,1990-05-02
cmd_395,vnd_19,clt_184,1976-07-03
cmd_396,vnd_9,clt_292,1990-04-13
cmd_397,vnd_3,clt_275,2002-07-04
cmd_398,vnd_10,clt_59,2015-01-06
cmd_399,vnd_27,clt_179,1986-06-04
cmd_400,vnd_6,clt_143,2006-09-15
cmd_401,vnd_10,clt_19,1997-07-29
cmd_402,vnd_23,clt_255,2008-03-07
cmd_403,vnd_27,clt_281,1985-01-22
cmd_404,vnd_17,clt_280,1985-09-02
cmd_405,vnd_14,clt_111,2024-07-20
cmd_406,vnd_15,clt_80,1984-08-19
cmd_407,vnd_28,clt_49,2001-04-02
cmd_408,vnd_28,clt_38,1992-03-18
cmd_409,vnd_19,clt_188,1971-02-07
cmd_410,vnd_1,clt_179,1976-12-29
cmd_411,vnd_13,clt_139,1996-04-01
cmd_412,vnd_16,clt_75,1973-06-19
cmd_413,vnd_18,clt_171,2012-11-08
cmd_414,vnd_26,clt_284,1985-07-30
cmd_415,vnd_7,clt_217,1986-01-18
cmd_416,vnd_5,clt_88,1988-11-06
cmd_417,vnd_3,clt_40,2024-08-26
cmd_418,vnd_7,clt_133,1973-05-21
cmd_419,vnd_1,clt_43,2001-06-28
cmd_420,vnd_1,clt_225,1970-10-13
cmd_421,vnd_5,clt_287,2005-05-19
cmd_422,vnd_18,clt_129,1996-10-25
cmd_423,vnd_14,clt_35,2012-11-16
cmd_424,vnd_16,clt_171,2005-01-23
cmd_425,vnd_8,clt_89,1982-04-30
cmd_426,vnd_9,clt_51,1994-03-01
cmd_427,vnd_27,clt_232,2017-03-18
cmd_428,vnd_28,clt_254,2013-01-01
cmd_429,vnd_22,clt_284,2017-05-12
cmd_430,vnd_29,clt_193,2007-04-11
cmd_431,vnd_24,clt_239,2018-05-15
cmd_432,vnd_2,clt_251,2013-03-27
cmd_433,vnd_24,clt_189,2011-03-13
cmd_434,vnd_2,clt_131,1987-08-04
cmd_435,vnd_3,clt_14,1994-10-23
cmd_436,vnd_3,clt_107,1976-12-31
cmd_437,vnd_18,clt_55,1986-03-14
cmd_438,vnd_4,clt_241,1997-08-22
cmd_439,vnd_22,clt_87,1976-11-23
cmd_440,vnd_26,clt_81,1990-03-13
cmd_441,vnd_21,clt_119,1974-10-28
cmd_442,vnd_17,clt_11,2001-12-21
cmd_443,vnd_22,clt_247,1987-06-24
cmd_444,vnd_16,clt_212,1994-08-21
cmd_445,vnd_29,clt_295,2014-10-26
cmd_446,vnd_16,clt_242,2001-07-12
cmd_447,vnd_3,clt_291,2015-10-07
cmd_448,vnd_28,clt_200,1991-04-10
cmd_449,vnd_16,clt_45,2002-10-21
cmd_450,vnd_2,clt_194,2021-04-21
cmd_451,vnd_13,clt_70,2019-09-05
cmd_452,vnd_2,clt_41,1980-08-30
cmd_453,vnd_3,clt_294,2014-10-03
cmd_454,vnd_21,clt_171,1974-11-05
cmd_455,vnd_17,clt_281,2021-04-18
cmd_456,vnd_14,clt_198,1974-02-21
cmd_457,vnd_15,clt_285,2017-01-28
cmd_458,vnd_25,clt_170,1990-11-19
cmd_459,vnd_22,clt_45,1992-10-08
cmd_460,vnd_14,clt_207,1972-09-29
cmd_461,vnd_17,clt_250,1987-08-27
cmd_462,vnd_11,clt_155,1979-08-05
cmd_463,vnd_4,clt_271,2018-02-16
cmd_464,vnd_5,clt_170,2001-12-03
cmd_465,vnd_15,clt_56,2012-12-10
cmd_466,vnd_2,clt_9,1993-08-29
cmd_467,vnd_23,clt_18,1989-02-27
cmd_468,vnd_2,clt_202,1984-03-15
cmd_469,vnd_13,clt_228,1995-12-06
cmd_470,vnd_5,clt_236,2009-10-17
cmd_471,vnd_7,clt_9,2017-09-23
cmd_472,vnd_26,clt_191,2017-09-23
cmd_473,vnd_29,clt_41,2008-12-17
cmd_474,vnd_15,clt_140,2018-10-27
cmd_475,vnd_28,clt_33,2004-07-12
cmd_476,vnd_29,clt_220,1987-05-22
cmd_477,vnd_29,clt_269,1970-10-27
cmd_478,vnd_7,clt_149,2001-11-07
cmd_479,vnd_12,clt_293,2019-08-20
cmd_480,vnd_7,clt_11,1984-07-28
cmd_481,vnd_27,clt_120,1998-05-05
cmd_482,vnd_13,clt_159,1997-07-30
cmd_483,vnd_22,clt_132,2000-08-11
cmd_484,vnd_7,clt_275,1972-02-08
cmd_485,vnd_29,clt_176,1979-08-07
cmd_486,vnd_18,clt_294,2010-12-23
cmd_487,vnd_26,clt_53,1991-07-07
cmd_488,vnd_25,clt_148,2002-04-20
cmd_489,vnd_5,clt_133,2021-07-05
cmd_490,vnd_3,clt_6,2000-06-04
cmd_491,vnd_20,clt_195,2006-04-15
cmd_492,vnd_2,clt_110,1991-05-17
cmd_493,vnd_1,clt_33,1981-01-08
cmd_494,vnd_24,clt_180,1986-03-05
cmd_495,vnd_27,clt_30,1996-07-17
cmd_496,vnd_24,clt_104,1989-08-02
cmd_497,vnd_6,clt_84,2018-07-15
cmd_498,vnd_9,clt_233,1987-08-28
cmd_499,vnd_3,clt_276,1993-06-01
cmd_500,vnd_10,clt_118,1985-01-20
cmd_501,vnd_13,clt_229,2006-01-07
cmd_502,vnd_11,clt_206,1989-08-18
cmd_503,vnd_26,clt_174,2016-09-28
cmd_504,vnd_17,clt_99,2016-06-12
cmd_505,vnd_18,clt_135,1989-11-05
cmd_506,vnd_17,clt_44,1985-04-04
cmd_507,vnd_11,clt_1,2000-04-16
cmd_508,vnd_3,clt_296,1974-10-22
cmd_509,vnd_11,clt_63,2007-04-06
cmd_510,vnd_23,clt_288,2019-09-12
cmd_511,vnd_21,clt_75,2018-03-27
cmd_512,vnd_19,clt_215,1991-03-11
cmd_513,vnd_28,clt_143,1988-10-01
cmd_514,vnd_18,clt_84,1981-09-04
cmd_515,vnd_14,clt_95,2009-08-09
cmd_516,vnd_29,clt_294,1974-08-07
cmd_517,vnd_13,clt_27,2019-01-18
cmd_518,vnd_28,clt_87,2003-06-19
cmd_519,vnd_5,clt_254,2024-04-06
cmd_520,vnd_16,clt_161,1999-04-21
cmd_521,vnd_13,clt_116,2015-11-26
cmd_522,vnd_1,clt_235,1989-05-07
cmd_523,vnd_9,clt_279,1972-04-12
cmd_524,vnd_15,clt_193,1984-09-13
cmd_525,vnd_15,clt_60,2024-07-09
cmd_526,vnd_24,clt_114,2019-12-10
cmd_527,vnd_8,clt_129,2003-07-09
cmd_528,vnd_14,clt_80,1986-10-13
cmd_529,vnd_6,clt_177,2023-05-14
cmd_530,vnd_18,clt_99,1970-05-28
cmd_531,vnd_13,clt_75,1975-04-07
cmd_532,vnd_27,clt_201,1983-03-09
cmd_533,vnd_21,clt_176,2007-09-16
cmd_534,vnd_12,clt_228,1984-03-24
cmd_535,vnd_18,clt_202,2012-02-13
cmd_536,vnd_26,clt_288,1990-10-25
cmd_537,vnd_14,clt_188,2010-06-20
cmd_538,vnd_0,clt_216,2013-08-06
cmd_539,vnd_17,clt_135,2020-10-04
cmd_540,vnd_14,clt_70,1983-07-28
cmd_541,vnd_24,clt_122,2006-12-01
cmd_542,vnd_28,clt_214,1974-07-02
cmd_543,vnd_10,clt_115,2013-12-20
cmd_544,vnd_16,clt_53,1990-08-04
cmd_545,vnd_13,clt_159,1981-04-19
cmd_546,vnd_13,clt_66,1996-06-24
cmd_547,vnd_26,clt_138,1981-11-27
cmd_548,vnd_25,clt_199,1994-10-20
cmd_549,vnd_4,clt_169,1975-05-24
cmd_550,vnd_3,clt_184,1972-04-08
cmd_551,vnd_18,clt_186,2008-02-24
cmd_552,vnd_0,clt_154,1990-01-02
cmd_553,vnd_4,clt_266,1982-08-10
cmd_554,vnd_28,clt_145,2005-07-21
cmd_555,vnd_2,clt_115,1985-01-06
cmd_556,vnd_0,clt_14,1974-06-09
cmd_557,vnd_22,clt_20,1995-12-10
cmd_558,vnd_7,clt_92,1976-07-22
cmd_559,vnd_24,clt_155,1971-10-01
cmd_560,vnd_12,clt_245,2015-03-07
cmd_561,vnd_18,clt_29,2011-02-09
cmd_562,vnd_24,clt_122,1981-09-12
cmd_563,vnd_5,clt_180,2014-12-01
cmd_564,vnd_25,clt_169,1971-03-06
cmd_565,vnd_16,clt_41,1973-09-26
cmd_566,vnd_19,clt_145,1991-11-27
cmd_567,vnd_18,clt_102,2021-07-28
cmd_568,vnd_2,clt_109,2021-09-17
cmd_569,vnd_15,clt_281,1982-10-04
cmd_570,vnd_22,clt_84,2015-05-17
cmd_571,vnd_21,clt_93,1982-01-29
cmd_572,vnd_23,clt_114,1970-10-26
cmd_573,vnd_14,clt_146,1986-05-17
cmd_574,vnd_23,clt_163,2013-05-29
cmd_575,vnd_1,clt_28,2010-11-20
cmd_576,vnd_1,clt_152,1987-06-01
cmd_577,vnd_19,clt_270,1998-03-28
cmd_578,vnd_5,clt_194,2013-11-09
cmd_579,vnd_6,clt_96,1975-12-01
cmd_580,vnd_10,clt_130,2010-02-13
cmd_581,vnd_18,clt_264,1971-04-23
cmd_582,vnd_21,clt_245,1975-12-25
cmd_583,vnd_28,clt_71,1978-05-18
cmd_584,vnd_14,clt_268,2008-02-27
cmd_585,vnd_29,clt_225,2015-11-09
cmd_586,vnd_5,clt_102,1974-11-24
cmd_587,vnd_23,clt_187,1974-05-25
cmd_588,vnd_11,clt_0,1985-12-04
cmd_589,vnd_17,clt_118,1970-02-09
cmd_590,vnd_16,clt_184,1973-06-03
cmd_591,vnd_3,clt_243,2008-06-19
cmd_592,vnd_24,clt_290,2006-01-04
cmd_593,vnd_14,clt_289,2010-03-01
cmd_594,vnd_16,clt_274,1972-09-04
cmd_595,vnd_11,clt_177,1997-06-18
cmd_596,vnd_18,clt_198,2002-05-13
cmd_597,vnd_13,clt_152,2023-05-23
cmd_598,vnd_28,clt_148,1986-10-31
cmd_599,vnd_5,clt_249,2021-11-17
cmd_600,vnd_17,clt_27,2010-12-13
cmd_601,vnd_24,clt_204,1989-10-04
cmd_602,vnd_28,clt_234,1971-06-03
cmd_603,vnd_18,clt_118,1987-01-12
cmd_604,vnd_10,clt_226,2020-07-30
cmd_605,vnd_2,clt_226,1986-11-14
cmd_606,vnd_4,clt_255,1975-07-01
cmd_607,vnd_16,clt_183,2002-01-17
cmd_608,vnd_16,clt_286,2014-12-18
cmd_609,vnd_6,clt_17,2020-10-14
cmd_610,vnd_2,clt_117,1994-10-02
cmd_611,vnd_9,clt_60,2001-09-28
cmd_612,vnd_3,clt_191,2011-05-17
cmd_613,vnd_8,clt_251,2004-06-28
cmd_614,vnd_21,clt_27,2001-12-03
cmd_615,vnd_26,clt_221,2023-06-20
cmd_616,vnd_11,clt_276,2000-11-18
cmd_617,vnd_25,clt_298,2022-02-08
cmd_618,vnd_3,clt_66,1994-01-09
cmd_619,vnd_3,clt_164,1996-06-30
cmd_620,vnd_23,clt_170,1971-04-20
cmd_621,vnd_19,clt_6,2003-01-02
cmd_622,vnd_2,clt_98,1988-02-27
cmd_623,vnd_16,clt_183,2006-09-29
cmd_624,vnd_19,clt_89,2011-01-04
cmd_625,vnd_22,clt_223,2024-04-04
cmd_626,vnd_20,clt_6,2017-03-28
cmd_627,vnd_6,clt_44,2006-05-20
cmd_628,vnd_15,clt_276,2010-07-09
cmd_629,vnd_27,clt_210,1991-12-08
cmd_630,vnd_9,clt_221,1973-02-18
cmd_631,vnd_8,clt_243,1985-09-26
cmd_632,vnd_5,clt_25,2017-06-04
cmd_633,vnd_3,clt_46,1990-10-09
cmd_634,vnd_10,clt_87,1979-06-03
cmd_635,vnd_5,clt_209,1998-02-08
cmd_636,vnd_7,clt_36,2006-12-05
cmd_637,vnd_28,clt_159,1974-03-16
cmd_638,vnd_15,clt_169,1980-04-16
cmd_639,vnd_24,clt_144,2007-08-26
cmd_640,vnd_17,clt_181,1987-04-08
cmd_641,vnd_19,clt_184,2013-09-29
cmd_642,vnd_11,clt_190,2010-04-23
cmd_643,vnd_20,clt_55,1983-07-16
cmd_644,vnd_16,clt_170,1997-06-02
cmd_645,vnd_23,clt_76,2020-01-18
cmd_646,vnd_6,clt_120,2009-12-30
cmd_647,vnd_2,clt_80,2017-03-15
cmd_648,vnd_18,clt_217,1989-03-29
cmd_649,vnd_7,clt_24,1996-05-02
cmd_650,vnd_27,clt_7,1988-08-15
cmd_651,vnd_21,clt_95,2022-11-14
cmd_652,vnd_8,clt_143,1997-07-05
cmd_653,vnd_20,clt_262,1978-06-13
cmd_654,vnd_9,clt_83,2021-10-03
cmd_655,vnd_23,clt_86,1989-08-18
cmd_656,vnd_7,clt_214,1994-01-07
cmd_657,vnd_5,clt_109,1998-12-26
cmd_658,vnd_27,clt_296,1990-05-26
cmd_659,vnd_27,clt_269,1975-05-02
cmd_660,vnd_27,clt_207,1988-02-06
cmd_661,vnd_0,clt_152,2013-03-03
cmd_662,vnd_21,clt_233,2012-11-16
cmd_663,vnd_2,clt_219,2022-04-02
cmd_664,vnd_4,clt_286,1993-05-28
cmd_665,vnd_20,clt_287,1994-02-22
cmd_666,vnd_29,clt_266,1980-02-20
cmd_667,vnd_4,clt_182,1974-11-03
cmd_668,vnd_9,clt_79,2018-05-05
cmd_669,vnd_8,clt_122,2009-09-26
cmd_670,vnd_27,clt_124,1978-09-08
cmd_671,vnd_0,clt_167,1983-05-18
cmd_672,vnd_11,clt_19,2020-06-01
cmd_673,vnd_27,clt_26,1990-02-07
cmd_674,vnd_9,clt_58,2023-12-01
cmd_675,vnd_4,clt_122,1993-12-24
cmd_676,vnd_13,clt_3,2024-04-13
cmd_677,vnd_2,clt_192,1972-01-31
cmd_678,vnd_27,clt_252,1970-10-31
cmd_679,vnd_24,clt_162,1980-05-31
cmd_680,vnd_13,clt_210,2000-11-29
cmd_681,vnd_26,clt_125,1980-05-29
cmd_682,vnd_20,clt_49,1998-05-15
cmd_683,vnd_0,clt_48,2004-09-11
cmd_684,vnd_11,clt_149,1993-08-16
cmd_685,vnd_18,clt_160,1993-07-21
cmd_686,vnd_29,clt_219,1979-08-10
cmd_687,vnd_21,clt_192,1991-07-04
cmd_688,vnd_3,clt_137,2021-12-07
cmd_689,vnd_26,clt_90,2002-03-27
cmd_690,vnd_15,clt_212,1973-04-08
cmd_691,vnd_4,clt_93,2016-06-18
cmd_692,vnd_11,clt_3,2005-07-05
cmd_693,vnd_20,clt_26,2011-11-20
cmd_694,vnd_2,clt_145,1985-10-17
cmd_695,vnd_15,clt_235,1999-12-08
cmd_696,vnd_29,clt_4,1971-07-11
cmd_697,vnd_16,clt_174,2024-02-24
cmd_698,vnd_9,clt_261,2009-04-22
cmd_699,vnd_9,clt_259,1979-09-13
cmd_700,vnd_26,clt_240,1983-10-13
cmd_701,vnd_6,clt_96,1977-06-06
cmd_702,vnd_2,clt_294,2005-08-17
cmd_703,vnd_28,clt_150,2004-09-07
cmd_704,vnd_2,clt_159,1985-08-31
cmd_705,vnd_19,clt_134,1995-03-13
cmd_706,vnd_27,clt_12,1998-10-13
cmd_707,vnd_2,clt_253,1978-05-04
cmd_708,vnd_4,clt_30,1995-09-13
cmd_709,vnd_1,clt_180,1994-11-23
cmd_710,vnd_15,clt_187,1979-01-14
cmd_711,vnd_2,clt_60,2017-02-17
cmd_712,vnd_3,clt_89,2008-01-01
cmd_713,vnd_1,clt_192,2005-12-15
cmd_714,vnd_9,clt_3,2002-06-20
cmd_715,vnd_28,clt_162,1988-09-15
cmd_716,vnd_29,clt_55,1992-01-15
cmd_717,vnd_17,clt_63,1980-10-23
cmd_718,vnd_6,clt_43,1984-05-10
cmd_719,vnd_19,clt_215,2002-05-02
cmd_720,vnd_3,clt_145,1997-04-16
cmd_721,vnd_19,clt_58,2023-02-08
cmd_722,vnd_19,clt_181,2001-03-19
cmd_723,vnd_28,clt_97,1999-10-23
cmd_724,vnd_14,clt_187,1996-12-26
cmd_725,vnd_14,clt_77,1995-04-20
cmd_726,vnd_8,clt_249,1985-05-12
cmd_727,vnd_25,clt_8,2007-11-19
cmd_728,vnd_9,clt_162,1983-10-14
cmd_729,vnd_12,clt_207,1988-05-27
cmd_730,vnd_0,clt_85,2024-05-30
cmd_731,vnd_22,clt_257,1970-06-20
cmd_732,vnd_23,clt_106,1977-07-06
cmd_733,vnd_0,clt_201,2000-12-06
cmd_734,vnd_29,clt_23,1998-07-16
cmd_735,vnd_26,clt_194,1976-10-05
cmd_736,vnd_17,clt_191,1988-07-15
cmd_737,vnd_25,clt_220,1982-08-08
cmd_738,vnd_21,clt_285,2005-04-02
cmd_739,vnd_12,clt_152,2016-09-25
cmd_740,vnd_25,clt_231,2014-01-31
cmd_741,vnd_9,clt_246,1987-01-18
cmd_742,vnd_7,clt_146,2010-07-26
cmd_743,vnd_7,clt_202,1974-08-27
cmd_744,vnd_23,clt_243,1982-03-18
cmd_745,vnd_19,clt_247,1982-06-28
cmd_746,vnd_28,clt_241,1989-03-16
cmd_747,vnd_11,clt_134,1994-07-03
cmd_748,vnd_19,clt_47,1972-06-09
cmd_749,vnd_27,clt_48,1980-08-23
cmd_750,vnd_19,clt_258,2007-02-17
cmd_751,vnd_28,clt_113,1985-07-22
cmd_752,vnd_21,clt_34,2007-11-18
cmd_753,vnd_1,clt_163,2016-03-06
cmd_754,vnd_13,clt_103,1977-04-23
cmd_755,vnd_26,clt_56,1987-08-04
cmd_756,vnd_11,clt_141,2006-08-19
cmd_757,vnd_20,clt_168,1979-07-20
cmd_758,vnd_27,clt_262,1998-02-14
cmd_759,vnd_2,clt_35,1992-10-31
cmd_760,vnd_22,clt_178,2024-04-17
cmd_761,vnd_2,clt_109,2015-08-10
cmd_762,vnd_11,clt_177,1992-03-02
cmd_763,vnd_11,clt_80,2022-03-15
cmd_764,vnd_21,clt_216,1992-09-12
cmd_765,vnd_24,clt_9,1990-02-07
cmd_766,vnd_0,clt_195,1997-12-11
cmd_767,vnd_28,clt_216,2004-10-17
cmd_768,vnd_25,clt_139,1983-08-29
cmd_769,vnd_6,clt_155,1981-03-30
cmd_770,vnd_15,clt_163,2004-05-15
cmd_771,vnd_5,clt_157,2006-05-12
cmd_772,vnd_26,clt_178,2002-05-11
cmd_773,vnd_16,clt_62,2004-10-23
cmd_774,vnd_20,clt_285,2019-10-27
cmd_775,vnd_27,clt_111,1994-05-24
cmd_776,vnd_24,clt_167,1974-07-28
cmd_777,vnd_4,clt_55,1986-12-08
cmd_778,vnd_24,clt_163,1982-01-13
cmd_779,vnd_23,clt_134,1974-04-01
cmd_780,vnd_17,clt_70,2003-09-10
cmd_781,vnd_22,clt_166,1992-01-27
cmd_782,vnd_16,clt_27,2001-05-28
cmd_783,vnd_14,clt_34,2014-05-30
cmd_784,vnd_25,clt_143,1973-08-26
cmd_785,vnd_20,clt_28,2017-08-14
cmd_786,vnd_7,clt_256,1981-04-23
cmd_787,vnd_29,clt_88,1982-12-27
cmd_788,vnd_3,clt_234,2016-11-22
cmd_789,vnd_12,clt_46,1975-03-23
cmd_790,vnd_8,clt_277,1997-06-16
cmd_791,vnd_28,clt_119,1999-08-09
cmd_792,vnd_17,clt_143,1975-01-07
cmd_793,vnd_29,clt_217,2020-08-30
cmd_794,vnd_5,clt_116,1977-08-21
cmd_795,vnd_13,clt_45,2016-12-23
cmd_796,vnd_7,clt_116,2008-12-20
cmd_797,vnd_8,clt_203,1971-10-07
cmd_798,vnd_10,clt_286,2012-02-14
cmd_799,vnd_14,clt_41,2013-01-23
cmd_800,vnd_27,clt_41,2013-02-19
cmd_801,vnd_0,clt_84,1990-10-24
cmd_802,vnd_27,clt_240,1984-11-25
cmd_803,vnd_2,clt_9,2006-04-24
cmd_804,vnd_20,clt_91,2018-08-30
cmd_805,vnd_19,clt_294,1990-06-01
cmd_806,vnd_13,clt_138,1973-12-21
cmd_807,vnd_1,clt_167,2003-02-20
cmd_808,vnd_9,clt_27,2020-12-05
cmd_809,vnd_14,clt_103,1998-07-03
cmd_810,vnd_3,clt_66,2015-12-13
cmd_811,vnd_11,clt_87,1983-08-16
cmd_812,vnd_12,clt_27,2020-09-05
cmd_813,vnd_19,clt_198,2016-03-18
cmd_814,vnd_1,clt_233,2014-05-18
cmd_815,vnd_24,clt_161,1999-01-03
cmd_816,vnd_3,clt_146,1995-01-13
cmd_817,vnd_27,clt_251,2012-12-02
cmd_818,vnd_2,clt_283,1972-08-21
cmd_819,vnd_9,clt_269,2019-03-15
cmd_820,vnd_24,clt_223,2010-06-19
cmd_821,vnd_2,clt_237,2023-07-10
cmd_822,vnd_29,clt_75,2012-01-04
cmd_823,vnd_16,clt_30,2005-07-01
cmd_824,vnd_3,clt_98,2004-05-03
cmd_825,vnd_22,clt_11,1973-12-28
cmd_826,vnd_4,clt_252,1999-12-20
cmd_827,vnd_21,clt_115,1979-01-22
cmd_828,vnd_24,clt_12,2013-07-03
cmd_829,vnd_20,clt_179,1984-10-26
cmd_830,vnd_25,clt_296,2002-11-15
cmd_831,vnd_21,clt_74,1997-10-13
cmd_832,vnd_10,clt_26,1988-03-23
cmd_833,vnd_22,clt_219,2014-09-22
cmd_834,vnd_11,clt_21,1983-07-10
cmd_835,vnd_14,clt_35,1997-01-19
cmd_836,vnd_29,clt_77,2014-04-10
cmd_837,vnd_26,clt_69,1995-09-30
cmd_838,vnd_16,clt_201,1990-11-08
cmd_839,vnd_2,clt_69,1998-10-27
cmd_840,vnd_0,clt_252,2014-12-31
cmd_841,vnd_19,clt_58,2018-10-03
cmd_842,vnd_5,clt_116,2007-02-16
cmd_843,vnd_29,clt_279,2016-01-05
cmd_844,vnd_25,clt_115,2009-09-27
cmd_845,vnd_10,clt_195,1998-08-14
cmd_846,vnd_25,clt_258,1983-11-28
cmd_847,vnd_3,clt_210,1977-03-19
cmd_848,vnd_21,clt_219,2014-06-10
cmd_849,vnd_26,clt_44,2020-09-29
cmd_850,vnd_27,clt_179,2019-08-26
cmd_851,vnd_18,clt_0,1980-09-19
cmd_852,vnd_2,clt_249,1973-10-26
cmd_853,vnd_2,clt_58,2024-01-22
cmd_854,vnd_8,clt_77,1977-04-11
cmd_855,vnd_13,clt_245,1974-05-30
cmd_856,vnd_23,clt_193,2000-05-22
cmd_857,vnd_21,clt_49,1971-08-21
cmd_858,vnd_17,clt_164,1997-02-19
cmd_859,vnd_19,clt_88,1991-10-31
cmd_860,vnd_10,clt_289,1973-03-10
cmd_861,vnd_26,clt_127,1999-02-25
cmd_862,vnd_25,clt_73,2023-11-22
cmd_863,vnd_13,clt_191,1983-03-25
cmd_864,vnd_10,clt_189,2014-03-02
cmd_865,vnd_5,clt_222,1987-11-19
cmd_866,vnd_0,clt_50,1990-10-08
cmd_867,vnd_9,clt_267,2007-08-20
cmd_868,vnd_7,clt_33,1976-11-09
cmd_869,vnd_24,clt_180,1976-11-19
cmd_870,vnd_26,clt_201,1994-06-05
cmd_871,vnd_20,clt_291,1973-07-29
cmd_872,vnd_1,clt_62,1994-05-15
cmd_873,vnd_0,clt_53,2020-07-09
cmd_874,vnd_15,clt_147,1998-10-25
cmd_875,vnd_20,clt_135,2006-08-18
cmd_876,vnd_26,clt_82,1980-12-14
cmd_877,vnd_2,clt_174,1970-01-21
cmd_878,vnd_27,clt_147,1970-09-20
cmd_879,vnd_17,clt_88,1986-06-06
cmd_880,vnd_2,clt_111,2002-06-03
cmd_881,vnd_29,clt_245,2010-04-15
cmd_882,vnd_16,clt_14,2004-03-18
cmd_883,vnd_13,clt_34,1972-10-13
cmd_884,vnd_6,clt_275,1981-01-14
cmd_885,vnd_8,clt_29,2006-02-06
cmd_886,vnd_0,clt_206,1974-10-17
cmd_887,vnd_19,clt_173,1983-03-25
cmd_888,vnd_23,clt_281,2019-09-06
cmd_889,vnd_27,clt_153,2012-11-27
cmd_890,vnd_23,clt_58,2010-01-12
cmd_891,vnd_3,clt_213,1972-05-28
cmd_892,vnd_9,clt_37,1974-12-17
cmd_893,vnd_21,clt_238,1972-11-01
cmd_894,vnd_12,clt_84,2005-03-16
cmd_895,vnd_22,clt_23,1983-06-15
cmd_896,vnd_2,clt_3,1983-11-23
cmd_897,vnd_3,clt_252,1998-06-29
cmd_898,vnd_23,clt_181,2019-01-02
cmd_899,vnd_22,clt_298,1970-04-04
cmd_900,vnd_16,clt_250,1991-11-30
cmd_901,vnd_12,clt_105,1986-09-17
cmd_902,vnd_17,clt_142,1974-06-07
cmd_903,vnd_14,clt_192,1990-05-21
cmd_904,vnd_24,clt_78,1971-02-14
cmd_905,vnd_10,clt_67,2020-06-13
cmd_906,vnd_1,clt_270,2023-04-13
cmd_907,vnd_10,clt_108,2009-09-05
cmd_908,vnd_15,clt_178,2014-06-21
cmd_909,vnd_16,clt_18,1983-01-01
cmd_910,vnd_18,clt_4,1988-09-24
cmd_911,vnd_8,clt_71,1991-05-15
cmd_912,vnd_24,clt_68,1977-02-03
cmd_913,vnd_25,clt_47,1986-06-24
cmd_914,vnd_9,clt_127,2005-06-17
cmd_915,vnd_22,clt_216,2019-11-28
cmd_916,vnd_23,clt_268,2020-04-17
cmd_917,vnd_27,clt_197,2013-02-20
cmd_918,vnd_6,clt_61,2019-02-02
cmd_919,vnd_19,clt_208,1980-10-05
cmd_920,vnd_15,clt_254,1975-12-03
cmd_921,vnd_24,clt_133,2001-02-09
cmd_922,vnd_19,clt_86,1986-02-22
cmd_923,vnd_20,clt_253,2010-07-19
cmd_924,vnd_16,clt_210,2022-08-12
cmd_925,vnd_9,clt_148,2006-03-24
cmd_926,vnd_12,clt_158,2006-07-18
cmd_927,vnd_25,clt_239,2021-07-13
cmd_928,vnd_29,clt_42,1981-06-06
cmd_929,vnd_10,clt_167,1987-09-14
cmd_930,vnd_25,clt_58,1975-03-08
cmd_931,vnd_15,clt_149,1970-03-20
cmd_932,vnd_14,clt_95,2006-07-11
cmd_933,vnd_1,clt_102,2018-02-13
cmd_934,vnd_16,clt_36,1985-04-04
cmd_935,vnd_20,clt_3,2021-05-18
cmd_936,vnd_17,clt_209,1989-06-14
cmd_937,vnd_5,clt_113,2019-03-01
cmd_938,vnd_16,clt_13,2018-04-17
cmd_939,vnd_16,clt_203,2024-04-22
cmd_940,vnd_17,clt_20,2014-05-15
cmd_941,vnd_18,clt_44,2013-03-05
cmd_942,vnd_21,clt_121,2016-08-18
cmd_943,vnd_23,clt_121,1989-07-29
cmd_944,vnd_24,clt_86,2015-11-10
cmd_945,vnd_19,clt_115,2000-11-29
cmd_946,vnd_6,clt_8,1988-10-22
cmd_947,vnd_0,clt_105,1987-07-20
cmd_948,vnd_15,clt_84,1997-10-11
cmd_949,vnd_23,clt_59,2019-09-28
cmd_950,vnd_15,clt_157,2007-05-11
cmd_951,vnd_23,clt_227,1973-03-21
cmd_952,vnd_0,clt_140,1988-12-23
cmd_953,vnd_4,clt_125,2001-04-15
cmd_954,vnd_25,clt_166,2020-06-21
cmd_955,vnd_21,clt_67,1990-07-10
cmd_956,vnd_27,clt_49,2018-05-23
cmd_957,vnd_18,clt_43,1984-08-07
cmd_958,vnd_3,clt_201,2010-06-22
cmd_959,vnd_10,clt_210,2013-07-11
cmd_960,vnd_17,clt_235,1981-08-16
cmd_961,vnd_5,clt_277,1974-06-08
cmd_962,vnd_21,clt_225,2001-03-29
cmd_963,vnd_16,clt_255,1973-05-14
cmd_964,vnd_17,clt_211,2004-09-29
cmd_965,vnd_7,clt_85,1976-03-02
cmd_966,vnd_23,clt_138,1975-04-11
cmd_967,vnd_21,clt_295,1983-07-20
cmd_968,vnd_9,clt_194,2009-09-13
cmd_969,vnd_17,clt_236,1974-11-24
cmd_970,vnd_20,clt_208,1971-08-10
cmd_971,vnd_27,clt_1,1995-07-29
cmd_972,vnd_28,clt_67,2022-11-15
cmd_973,vnd_11,clt_176,2008-12-26
cmd_974,vnd_12,clt_190,2013-09-29
cmd_975,vnd_13,clt_37,1990-11-06
cmd_976,vnd_26,clt_132,1993-04-03
cmd_977,vnd_11,clt_161,1990-12-11
cmd_978,vnd_7,clt_167,1982-01-20
cmd_979,vnd_10,clt_104,2015-02-25
cmd_980,vnd_28,clt_105,2009-03-01
cmd_981,vnd_0,clt_35,2015-05-15
cmd_982,vnd_29,clt_279,1996-01-19
cmd_983,vnd_10,clt_172,1987-08-01
cmd_984,vnd_14,clt_113,1997-09-07
cmd_985,vnd_4,clt_20,1980-01-22
cmd_986,vnd_7,clt_275,1992-07-28
cmd_987,vnd_19,clt_214,1970-07-01
cmd_988,vnd_8,clt_24,1990-08-20
cmd_989,vnd_20,clt_209,2006-12-02
cmd_990,vnd_2,clt_70,2002-12-26
cmd_991,vnd_8,clt_141,2017-10-16
cmd_992,vnd_14,clt_27,2008-08-14
cmd_993,vnd_1,clt_230,1983-08-11
cmd_994,vnd_17,clt_127,2020-02-17
cmd_995,vnd_9,clt_159,1971-03-05
cmd_996,vnd_18,clt_277,1981-02-26
cmd_997,vnd_24,clt_226,2014-04-08
cmd_998,vnd_20,clt_155,1991-11-03
cmd_999,vnd_8,clt_174,1980-05-26
cmd_1000,vnd_0,clt_253,1992-09-07
cmd_1001,vnd_14,clt_281,1978-04-14
cmd_1002,vnd_15,clt_126,1993-08-22
cmd_1003,vnd_11,clt_171,2007-03-28
cmd_1004,vnd_8,clt_171,1986-04-14
cmd_1005,vnd_3,clt_199,2015-06-15
cmd_1006,vnd_24,clt_129,2019-09-02
cmd_1007,vnd_7,clt_279,2017-09-30
cmd_1008,vnd_12,clt_30,1982-02-26
cmd_1009,vnd_15,clt_289,1980-07-25
cmd_1010,vnd_3,clt_133,1976-09-18
cmd_1011,vnd_8,clt_187,1983-08-20
cmd_1012,vnd_0,clt_93,1973-09-12
cmd_1013,vnd_19,clt_176,1978-11-25
cmd_1014,vnd_18,clt_290,2011-05-28
cmd_1015,vnd_13,clt_164,1992-05-13
cmd_1016,vnd_23,clt_157,1971-09-25
cmd_1017,vnd_12,clt_236,1993-09-20
cmd_1018,vnd_23,clt_282,2001-11-04
cmd_1019,vnd_2,clt_105,1990-07-01
cmd_1020,vnd_8,clt_268,1985-06-03
cmd_1021,vnd_15,clt_81,1992-05-08
cmd_1022,vnd_15,clt_74,1997-05-16
cmd_1023,vnd_18,clt_118,2003-09-02
cmd_1024,vnd_20,clt_87,1988-10-08
cmd_1025,vnd_21,clt_70,1992-10-27
cmd_1026,vnd_4,clt_153,1988-04-14
cmd_1027,vnd_17,clt_183,2022-04-09
cmd_1028,vnd_7,clt_168,2014-08-01
cmd_1029,vnd_22,clt_212,2024-01-08
cmd_1030,vnd_7,clt_63,1995-08-21
cmd_1031,vnd_27,clt_238,1978-03-03
cmd_1032,vnd_4,clt_68,2022-12-19
cmd_1033,vnd_9,clt_97,1994-02-20
cmd_1034,vnd_12,clt_294,2009-07-09
cmd_1035,vnd_14,clt_186,1985-02-23
cmd_1036,vnd_15,clt_38,2021-10-31
cmd_1037,vnd_19,clt_283,2000-03-28
cmd_1038,vnd_22,clt_299,2006-12-23
cmd_1039,vnd_24,clt_245,1998-03-07
cmd_1040,vnd_9,clt_84,1972-04-03
cmd_1041,vnd_22,clt_26,1974-12-07
cmd_1042,vnd_4,clt_195,2012-08-05
cmd_1043,vnd_3,clt_222,2005-01-28
cmd_1044,vnd_9,clt_5,2022-12-18
cmd_1045,vnd_26,clt_145,1983-06-12
cmd_1046,vnd_14,clt_8,1977-12-31
cmd_1047,vnd_22,clt_68,1983-02-10
cmd_1048,vnd_5,clt_90,1986-09-04
cmd_1049,vnd_21,clt_155,2020-07-02
cmd_1050,vnd_24,clt_283,2010-08-08
cmd_1051,vnd_18,clt_24,2001-11-04
cmd_1052,vnd_16,clt_11,1988-03-12
cmd_1053,vnd_28,clt_272,2022-09-03
cmd_1054,vnd_16,clt_2,1995-09-10
cmd_1055,vnd_9,clt_196,1982-05-07
cmd_1056,vnd_21,clt_64,2021-07-25
cmd_1057,vnd_24,clt_90,1981-03-18
cmd_1058,vnd_21,clt_92,1978-09-16
cmd_1059,vnd_8,clt_293,1995-06-13
cmd_1060,vnd_8,clt_151,1975-03-13
cmd_1061,vnd_13,clt_265,1973-02-28
cmd_1062,vnd_8,clt_151,1972-10-28
cmd_1063,vnd_12,clt_166,2014-10-15
cmd_1064,vnd_8,clt_172,2022-03-30
cmd_1065,vnd_14,clt_71,1980-08-21
cmd_1066,vnd_21,clt_194,2009-09-06
cmd_1067,vnd_12,clt_219,2021-06-20
cmd_1068,vnd_5,clt_200,1980-06-10
cmd_1069,vnd_19,clt_129,1972-11-18
cmd_1070,vnd_3,clt_213,2022-06-18
cmd_1071,vnd_24,clt_247,2021-03-09
cmd_1072,vnd_24,clt_281,1991-04-25
cmd_1073,vnd_19,clt_95,2024-02-08
cmd_1074,vnd_25,clt_152,1982-11-03
cmd_1075,vnd_3,clt_132,1991-01-26
cmd_1076,vnd_4,clt_298,1970-10-26
cmd_1077,vnd_25,clt_192,1980-05-09
cmd_1078,vnd_20,clt_176,2012-02-24
cmd_1079,vnd_2,clt_210,2016-03-09
cmd_1080,vnd_15,clt_137,2018-11-05
cmd_1081,vnd_16,clt_133,2015-07-24
cmd_1082,vnd_2,clt_92,2022-02-19
cmd_1083,vnd_29,clt_171,1981-09-23
cmd_1084,vnd_28,clt_93,1987-11-26
cmd_1085,vnd_0,clt_272,2022-03-02
cmd_1086,vnd_9,clt_158,2016-01-20
cmd_1087,vnd_23,clt_236,1997-06-05
cmd_1088,vnd_29,clt_281,2023-06-28
cmd_1089,vnd_12,clt_260,2008-11-27
cmd_1090,vnd_18,clt_209,1988-08-21
cmd_1091,vnd_13,clt_293,1981-01-18
cmd_1092,vnd_26,clt_238,2000-10-01
cmd_1093,vnd_21,clt_231,2000-04-28
cmd_1094,vnd_15,clt_178,2012-06-01
cmd_1095,vnd_2,clt_203,2023-04-28
cmd_1096,vnd_9,clt_175,1992-07-14
cmd_1097,vnd_25,clt_150,2010-04-28
cmd_1098,vnd_1,clt_139,2017-08-27
cmd_1099,vnd_19,clt_59,1970-07-30
cmd_1100,vnd_17,clt_36,1993-08-28
cmd_1101,vnd_1,clt_105,1985-07-31
cmd_1102,vnd_29,clt_166,2013-05-14
cmd_1103,vnd_14,clt_139,2005-05-30
cmd_1104,vnd_23,clt_270,2023-11-16
cmd_1105,vnd_25,clt_99,2017-10-28
cmd_1106,vnd_0,clt_243,2009-03-05
cmd_1107,vnd_20,clt_279,2001-06-19
cmd_1108,vnd_24,clt_18,2001-06-19
cmd_1109,vnd_12,clt_102,2014-03-07
cmd_1110,vnd_18,clt_111,1971-07-19
cmd_1111,vnd_17,clt_294,2002-12-17
cmd_1112,vnd_15,clt_219,1976-07-29
cmd_1113,vnd_21,clt_40,2017-09-17
cmd_1114,vnd_13,clt_186,1979-09-19
cmd_1115,vnd_19,clt_287,2013-01-04
cmd_1116,vnd_26,clt_39,1998-04-19
cmd_1117,vnd_9,clt_232,2022-01-30
cmd_1118,vnd_16,clt_207,2008-04-14
cmd_1119,vnd_17,clt_75,2013-01-06
cmd_1120,vnd_6,clt_152,2021-06-26
cmd_1121,vnd_18,clt_152,1978-09-25
cmd_1122,vnd_7,clt_83,2013-04-27
cmd_1123,vnd_6,clt_169,2003-12-18
cmd_1124,vnd_16,clt_239,1984-08-31
cmd_1125,vnd_10,clt_160,2006-02-01
cmd_1126,vnd_1,clt_262,1993-06-15
cmd_1127,vnd_29,clt_46,1999-02-04
cmd_1128,vnd_5,clt_109,1979-09-19
cmd_1129,vnd_19,clt_142,1978-04-08
cmd_1130,vnd_25,clt_238,2024-04-01
cmd_1131,vnd_1,clt_93,1970-12-15
cmd_1132,vnd_28,clt_73,2023-09-03
cmd_1133,vnd_16,clt_277,1983-08-25
cmd_1134,vnd_11,clt_209,1989-04-25
cmd_1135,vnd_26,clt_33,1973-10-02
cmd_1136,vnd_16,clt_122,1976-10-01
cmd_1137,vnd_27,clt_109,2005-04-06
cmd_1138,vnd_28,clt_145,1992-04-03
cmd_1139,vnd_1,clt_113,1991-03-10
cmd_1140,vnd_27,clt_31,2012-05-31
cmd_1141,vnd_12,clt_223,2012-02-21
cmd_1142,vnd_17,clt_260,2011-11-10
cmd_1143,vnd_2,clt_262,1989-04-03
cmd_1144,vnd_15,clt_159,2013-11-26
cmd_1145,vnd_13,clt_120,2023-07-15
cmd_1146,vnd_8,clt_278,1993-08-04
cmd_1147,vnd_14,clt_50,1991-10-30
cmd_1148,vnd_28,clt_41,1985-10-21
cmd_1149,vnd_19,clt_106,2011-09-02
cmd_1150,vnd_15,clt_137,1990-08-21
cmd_1151,vnd_5,clt_96,1987-07-07
cmd_1152,vnd_15,clt_46,1988-04-08
cmd_1153,vnd_21,clt_144,1975-12-02
cmd_1154,vnd_7,clt_271,1998-12-08
cmd_1155,vnd_19,clt_13,1985-01-08
cmd_1156,vnd_25,clt_281,1995-04-14
cmd_1157,vnd_3,clt_99,2015-01-28
cmd_1158,vnd_11,clt_139,1991-07-18
cmd_1159,vnd_9,clt_89,1999-06-01
cmd_1160,vnd_29,clt_259,2010-10-04
cmd_1161,vnd_18,clt_121,1987-09-12
cmd_1162,vnd_18,clt_281,1994-05-04
cmd_1163,vnd_25,clt_284,2015-10-20
cmd_1164,vnd_27,clt_5,2006-07-17
cmd_1165,vnd_12,clt_177,1981-09-04
cmd_1166,vnd_6,clt_198,1982-07-22
cmd_1167,vnd_3,clt_105,2011-10-19
cmd_1168,vnd_2,clt_13,1988-05-16
cmd_1169,vnd_11,clt_144,2012-06-26
cmd_1170,vnd_20,clt_234,1972-08-04
cmd_1171,vnd_20,clt_287,1972-04-23
cmd_1172,vnd_15,clt_132,1982-01-25
cmd_1173,vnd_27,clt_88,2014-12-14
cmd_1174,vnd_15,clt_31,2008-03-26
cmd_1175,vnd_1,clt_294,2000-10-02
cmd_1176,vnd_19,clt_97,1985-07-29
cmd_1177,vnd_13,clt_49,1985-02-10
cmd_1178,vnd_19,clt_18,1984-03-27
cmd_1179,vnd_8,clt_199,2020-08-18
cmd_1180,vnd_14,clt_264,2020-03-17
cmd_1181,vnd_4,clt_146,1991-03-06
cmd_1182,vnd_16,clt_178,1974-12-14
cmd_1183,vnd_27,clt_60,2016-01-18
cmd_1184,vnd_24,clt_133,2006-05-21
cmd_1185,vnd_8,clt_177,1991-01-28
cmd_1186,vnd_0,clt_244,2009-09-01
cmd_1187,vnd_18,clt_99,1999-10-22
cmd_1188,vnd_11,clt_144,2001-12-09
cmd_1189,vnd_11,clt_71,1986-03-30
cmd_1190,vnd_15,clt_169,2016-01-24
cmd_1191,vnd_10,clt_281,2015-12-22
cmd_1192,vnd_28,clt_293,1991-04-28
cmd_1193,vnd_5,clt_279,1989-06-07
cmd_1194,vnd_23,clt_46,1987-08-08
cmd_1195,vnd_14,clt_67,2012-09-13
cmd_1196,vnd_16,clt_3,2008-04-25
cmd_1197,vnd_21,clt_232,2001-06-26
cmd_1198,vnd_12,clt_248,2013-05-17
cmd_1199,vnd_16,clt_133,1975-08-01
cmd_1200,vnd_28,clt_85,1990-10-07
cmd_1201,vnd_5,clt_282,2008-02-15
cmd_1202,vnd_20,clt_265,1996-04-11
cmd_1203,vnd_0,clt_26,2014-08-22
cmd_1204,vnd_9,clt_74,1974-05-14
cmd_1205,vnd_10,clt_244,2000-05-24
cmd_1206,vnd_0,clt_64,1999-01-03
cmd_1207,vnd_8,clt_95,1995-05-27
cmd_1208,vnd_0,clt_118,2005-02-15
cmd_1209,vnd_12,clt_39,1993-01-18
cmd_1210,vnd_28,clt_191,1975-11-16
cmd_1211,vnd_13,clt_191,2005-09-07
cmd_1212,vnd_19,clt_134,2023-08-21
cmd_1213,vnd_11,clt_286,2014-01-16
cmd_1214,vnd_28,clt_61,1998-06-02
cmd_1215,vnd_7,clt_230,2015-04-26
cmd_1216,vnd_21,clt_71,1994-04-17
cmd_1217,vnd_6,clt_191,1992-09-14
cmd_1218,vnd_8,clt_19,1980-11-30
cmd_1219,vnd_16,clt_46,1996-06-15
cmd_1220,vnd_12,clt_63,1974-11-16
cmd_1221,vnd_29,clt_87,2010-10-04
cmd_1222,vnd_15,clt_125,1983-07-16
cmd_1223,vnd_21,clt_221,2008-08-23
cmd_1224,vnd_25,clt_101,2019-11-08
cmd_1225,vnd_1,clt_58,2012-08-14
cmd_1226,vnd_28,clt_96,2005-12-10
cmd_1227,vnd_27,clt_59,2018-03-17
cmd_1228,vnd_28,clt_82,1996-03-28
cmd_1229,vnd_6,clt_40,2015-08-09
cmd_1230,vnd_17,clt_296,1995-05-02
cmd_1231,vnd_16,clt_248,2004-10-03
cmd_1232,vnd_1,clt_216,1971-02-15
cmd_1233,vnd_13,clt_221,1979-09-08
cmd_1234,vnd_24,clt_49,1990-12-08
cmd_1235,vnd_11,clt_84,1973-03-11
cmd_1236,vnd_13,clt_126,1999-12-17
cmd_1237,vnd_28,clt_250,1971-07-04
cmd_1238,vnd_10,clt_79,1983-10-31
cmd_1239,vnd_26,clt_131,2018-04-28
cmd_1240,vnd_24,clt_201,1976-10-28
cmd_1241,vnd_18,clt_254,2008-06-01
cmd_1242,vnd_6,clt_197,1980-02-27
cmd_1243,vnd_4,clt_25,2000-01-21
cmd_1244,vnd_2,clt_186,2004-12-19
cmd_1245,vnd_22,clt_291,2016-08-20
cmd_1246,vnd_20,clt_58,1973-08-12
cmd_1247,vnd_22,clt_179,2004-08-03
cmd_1248,vnd_11,clt_122,2024-02-19
cmd_1249,vnd_5,clt_95,1992-10-07
cmd_1250,vnd_1,clt_84,1975-02-04
cmd_1251,vnd_12,clt_233,1980-08-29
cmd_1252,vnd_23,clt_154,2016-05-02
cmd_1253,vnd_3,clt_178,2010-08-09
cmd_1254,vnd_27,clt_164,2023-02-06
cmd_1255,vnd_15,clt_229,2001-11-14
cmd_1256,vnd_19,clt_238,1991-07-07
cmd_1257,vnd_17,clt_138,2013-09-24
cmd_1258,vnd_0,clt_52,2017-11-27
cmd_1259,vnd_17,clt_91,2009-02-24
cmd_1260,vnd_25,clt_16,2024-08-27
cmd_1261,vnd_26,clt_57,2010-10-31
cmd_1262,vnd_5,clt_295,2003-10-15
cmd_1263,vnd_25,clt_293,2018-09-11
cmd_1264,vnd_0,clt_72,1973-09-09
cmd_1265,vnd_21,clt_111,2001-06-19
cmd_1266,vnd_2,clt_78,1978-10-12
cmd_1267,vnd_11,clt_30,2000-07-18
cmd_1268,vnd_25,clt_219,2009-07-21
cmd_1269,vnd_5,clt_171,1978-03-30
cmd_1270,vnd_4,clt_203,1994-10-25
cmd_1271,vnd_0,clt_56,1988-12-10
cmd_1272,vnd_11,clt_232,2023-01-04
cmd_1273,vnd_18,clt_189,1970-04-30
cmd_1274,vnd_29,clt_199,2022-11-28
cmd_1275,vnd_7,clt_65,1995-05-22
cmd_1276,vnd_8,clt_266,2018-06-12
cmd_1277,vnd_29,clt_215,2021-03-30
cmd_1278,vnd_18,clt_163,2021-11-19
cmd_1279,vnd_8,clt_130,2007-02-06
cmd_1280,vnd_6,clt_168,1991-12-25
cmd_1281,vnd_1,clt_127,1971-03-07
cmd_1282,vnd_28,clt_147,2004-07-03
cmd_1283,vnd_7,clt_228,1998-01-13
cmd_1284,vnd_17,clt_114,2018-04-02
cmd_1285,vnd_5,clt_60,1984-05-30
cmd_1286,vnd_4,clt_94,2010-09-13
cmd_1287,vnd_11,clt_243,2010-08-21
cmd_1288,vnd_10,clt_111,2022-07-23
cmd_1289,vnd_18,clt_242,2020-03-19
cmd_1290,vnd_13,clt_27,1992-07-24
cmd_1291,vnd_4,clt_249,2013-04-07
cmd_1292,vnd_27,clt_104,2020-06-23
cmd_1293,vnd_21,clt_135,1975-08-29
cmd_1294,vnd_22,clt_204,1998-10-10
cmd_1295,vnd_16,clt_177,2013-02-16
cmd_1296,vnd_1,clt_124,2020-05-16
cmd_1297,vnd_5,clt_37,2021-10-18
cmd_1298,vnd_19,clt_17,1985-05-11
cmd_1299,vnd_18,clt_56,2004-11-30
cmd_1300,vnd_23,clt_274,2015-06-16
cmd_1301,vnd_7,clt_140,1988-11-10
cmd_1302,vnd_15,clt_109,1985-07-14
cmd_1303,vnd_13,clt_143,2004-06-16
cmd_1304,vnd_23,clt_193,1988-05-17
cmd_1305,vnd_9,clt_236,2020-12-25
cmd_1306,vnd_11,clt_21,2012-11-03
cmd_1307,vnd_0,clt_246,2007-08-07
cmd_1308,vnd_21,clt_90,2010-09-17
cmd_1309,vnd_18,clt_216,1999-03-29
cmd_1310,vnd_14,clt_82,2019-05-21
cmd_1311,vnd_16,clt_178,2001-11-16
cmd_1312,vnd_20,clt_45,1995-11-03
cmd_1313,vnd_28,clt_171,2007-06-13
cmd_1314,vnd_20,clt_113,2021-08-16
cmd_1315,vnd_27,clt_60,2006-12-13
cmd_1316,vnd_9,clt_31,1995-05-20
cmd_1317,vnd_18,clt_203,2001-12-24
cmd_1318,vnd_8,clt_58,2020-03-26
cmd_1319,vnd_2,clt_65,1989-06-28
cmd_1320,vnd_18,clt_220,2021-06-08
cmd_1321,vnd_9,clt_263,2005-12-04
cmd_1322,vnd_9,clt_214,2020-09-30
cmd_1323,vnd_16,clt_187,1983-05-23
cmd_1324,vnd_0,clt_133,1974-01-02
cmd_1325,vnd_28,clt_164,1984-03-23
cmd_1326,vnd_26,clt_74,1980-09-15
cmd_1327,vnd_27,clt_168,1976-04-27
cmd_1328,vnd_10,clt_53,1990-08-16
cmd_1329,vnd_7,clt_290,1990-03-11
cmd_1330,vnd_9,clt_77,1984-03-30
cmd_1331,vnd_26,clt_119,1997-07-24
cmd_1332,vnd_28,clt_54,2020-08-10
cmd_1333,vnd_22,clt_145,2009-01-10
cmd_1334,vnd_1,clt_95,1980-04-28
cmd_1335,vnd_26,clt_228,2017-05-16
cmd_1336,vnd_18,clt_284,1981-09-18
cmd_1337,vnd_26,clt_254,2007-05-20
cmd_1338,vnd_23,clt_14,2021-10-22
cmd_1339,vnd_15,clt_58,1977-09-04
cmd_1340,vnd_23,clt_258,1985-02-22
cmd_1341,vnd_27,clt_245,1985-08-16
cmd_1342,vnd_15,clt_129,2023-08-12
cmd_1343,vnd_15,clt_148,2022-10-21
cmd_1344,vnd_24,clt_165,2018-10-24
cmd_1345,vnd_5,clt_18,2010-08-24
cmd_1346,vnd_29,clt_234,1990-12-04
cmd_1347,vnd_9,clt_119,1972-04-10
cmd_1348,vnd_20,clt_78,2015-03-22
cmd_1349,vnd_25,clt_139,2012-02-24
cmd_1350,vnd_1,clt_122,2006-01-26
cmd_1351,vnd_26,clt_296,1989-06-04
cmd_1352,vnd_25,clt_164,2005-11-12
cmd_1353,vnd_24,clt_220,1977-10-08
cmd_1354,vnd_0,clt_77,2001-06-07
cmd_1355,vnd_4,clt_217,2007-04-13
cmd_1356,vnd_6,clt_226,2007-04-07
cmd_1357,vnd_8,clt_203,1994-11-13
cmd_1358,vnd_28,clt_3,1988-12-12
cmd_1359,vnd_18,clt_23,2006-11-01
cmd_1360,vnd_20,clt_63,1996-12-04
cmd_1361,vnd_14,clt_74,2001-01-17
cmd_1362,vnd_14,clt_188,1980-05-16
cmd_1363,vnd_13,clt_252,1974-06-13
cmd_1364,vnd_15,clt_288,2019-07-04
cmd_1365,vnd_11,clt_55,1989-12-11
cmd_1366,vnd_18,clt_33,1986-08-27
cmd_1367,vnd_17,clt_6,1995-06-16
cmd_1368,vnd_5,clt_219,1973-12-08
cmd_1369,vnd_15,clt_223,1981-02-14
cmd_1370,vnd_12,clt_64,1980-12-10
cmd_1371,vnd_15,clt_92,1993-06-02
cmd_1372,vnd_3,clt_200,2007-10-21
cmd_1373,vnd_15,clt_97,1990-12-17
cmd_1374,vnd_18,clt_140,1981-09-28
cmd_1375,vnd_19,clt_245,1991-12-17
cmd_1376,vnd_24,clt_80,1997-04-01
cmd_1377,vnd_29,clt_56,1978-06-29
cmd_1378,vnd_1,clt_269,1980-08-03
cmd_1379,vnd_11,clt_16,1996-06-01
cmd_1380,vnd_21,clt_16,1977-04-01
cmd_1381,vnd_5,clt_297,1990-04-15
cmd_1382,vnd_17,clt_295,2021-07-25
cmd_1383,vnd_0,clt_291,1994-10-06
cmd_1384,vnd_5,clt_283,2012-12-19
cmd_1385,vnd_11,clt_137,2022-03-25
cmd_1386,vnd_4,clt_174,2000-04-22
cmd_1387,vnd_10,clt_279,1983-02-07
cmd_1388,vnd_23,clt_185,1999-03-07
cmd_1389,vnd_16,clt_256,1998-05-15
cmd_1390,vnd_18,clt_240,2013-06-21
cmd_1391,vnd_24,clt_242,1994-01-28
cmd_1392,vnd_28,clt_273,1990-02-16
cmd_1393,vnd_23,clt_71,1979-08-16
cmd_1394,vnd_1,clt_39,1988-06-24
cmd_1395,vnd_16,clt_293,1980-09-12
cmd_1396,vnd_15,clt_39,2019-05-18
cmd_1397,vnd_17,clt_146,2010-03-27
cmd_1398,vnd_21,clt_99,2021-01-10
cmd_1399,vnd_27,clt_68,1991-10-03
cmd_1400,vnd_6,clt_171,2023-11-19
cmd_1401,vnd_0,clt_258,2023-06-27
cmd_1402,vnd_26,clt_287,2021-03-18
cmd_1403,vnd_25,clt_64,1977-05-31
cmd_1404,vnd_13,clt_94,2024-03-20
cmd_1520,vnd_26,clt_211,2018-06-05
cmd_1521,vnd_29,clt_44,1976-10-20
cmd_1522,vnd_21,clt_144,2004-05-25
cmd_1523,vnd_3,clt_297,1989-11-27
cmd_1524,vnd_18,clt_243,1971-04-17
cmd_1525,vnd_7,clt_55,2015-04-28
cmd_1526,vnd_26,clt_162,2006-12-29
cmd_1527,vnd_25,clt_64,1979-12-24
cmd_1528,vnd_26,clt_83,1987-11-24
cmd_1529,vnd_20,clt_157,1986-08-08
cmd_1530,vnd_10,clt_77,2008-09-10
cmd_1531,vnd_14,clt_23,1971-12-24
cmd_1532,vnd_6,clt_96,2003-08-27
cmd_1533,vnd_12,clt_154,2010-01-05
cmd_1534,vnd_8,clt_261,1985-04-21
cmd_1535,vnd_21,clt_116,2019-07-08
cmd_1536,vnd_26,clt_174,1997-12-23
cmd_1537,vnd_7,clt_131,2018-08-22
cmd_1538,vnd_24,clt_186,1994-04-26
cmd_1539,vnd_27,clt_245,1984-03-28
cmd_1540,vnd_18,clt_35,1981-02-16
cmd_1541,vnd_6,clt_4,2010-09-10
cmd_1542,vnd_4,clt_66,1994-09-28
cmd_1543,vnd_19,clt_270,1998-03-18
cmd_1544,vnd_17,clt_84,2004-02-23
cmd_1545,vnd_1,clt_87,2010-08-10
cmd_1405,vnd_10,clt_249,2024-05-24
cmd_1406,vnd_24,clt_223,1995-07-26
cmd_1407,vnd_9,clt_0,1982-10-03
cmd_1408,vnd_20,clt_283,2016-08-25
cmd_1409,vnd_2,clt_260,2004-12-19
cmd_1410,vnd_10,clt_277,1991-03-10
cmd_1411,vnd_18,clt_175,1992-01-30
cmd_1412,vnd_29,clt_213,2013-09-27
cmd_1413,vnd_16,clt_11,1991-01-11
cmd_1414,vnd_6,clt_139,1992-02-08
cmd_1415,vnd_2,clt_119,2000-09-07
cmd_1416,vnd_11,clt_208,2011-06-08
cmd_1417,vnd_0,clt_146,1998-04-05
cmd_1418,vnd_12,clt_69,1986-03-28
cmd_1419,vnd_21,clt_9,2009-08-19
cmd_1420,vnd_7,clt_70,1973-03-27
cmd_1421,vnd_26,clt_154,1973-02-11
cmd_1422,vnd_11,clt_140,1987-07-20
cmd_1423,vnd_26,clt_75,2021-04-08
cmd_1424,vnd_15,clt_156,1994-07-15
cmd_1425,vnd_24,clt_78,1980-10-28
cmd_1426,vnd_23,clt_146,1996-01-18
cmd_1427,vnd_26,clt_85,2012-12-06
cmd_1428,vnd_20,clt_155,2017-11-01
cmd_1429,vnd_28,clt_11,1974-05-20
cmd_1430,vnd_6,clt_212,2018-03-06
cmd_1431,vnd_9,clt_86,2020-09-16
cmd_1432,vnd_18,clt_147,2004-11-20
cmd_1433,vnd_24,clt_77,2003-11-23
cmd_1434,vnd_27,clt_162,1979-10-21
cmd_1435,vnd_10,clt_161,2020-06-13
cmd_1436,vnd_5,clt_228,1976-07-21
cmd_1437,vnd_7,clt_178,2021-03-09
cmd_1438,vnd_9,clt_219,1977-02-05
cmd_1439,vnd_8,clt_109,1986-09-29
cmd_1440,vnd_17,clt_283,1989-07-12
cmd_1441,vnd_19,clt_21,2010-06-22
cmd_1442,vnd_12,clt_125,2021-04-14
cmd_1443,vnd_24,clt_157,2016-06-10
cmd_1444,vnd_25,clt_203,1992-04-29
cmd_1445,vnd_20,clt_262,1997-01-13
cmd_1446,vnd_12,clt_241,1991-01-09
cmd_1447,vnd_6,clt_30,1980-06-08
cmd_1448,vnd_11,clt_47,2007-04-09
cmd_1449,vnd_11,clt_239,2021-09-27
cmd_1450,vnd_16,clt_24,1976-01-19
cmd_1451,vnd_21,clt_143,1998-01-27
cmd_1452,vnd_12,clt_286,2015-01-14
cmd_1453,vnd_13,clt_234,2012-06-01
cmd_1454,vnd_29,clt_1,2000-09-30
cmd_1455,vnd_18,clt_252,2013-07-24
cmd_1456,vnd_21,clt_6,2006-11-27
cmd_1457,vnd_7,clt_95,2003-05-19
cmd_1458,vnd_18,clt_205,2023-10-01
cmd_1459,vnd_14,clt_233,2018-05-17
cmd_1460,vnd_26,clt_228,1974-02-25
cmd_1461,vnd_17,clt_29,1994-09-06
cmd_1462,vnd_7,clt_75,2013-12-01
cmd_1463,vnd_18,clt_117,1988-09-26
cmd_1464,vnd_19,clt_87,1970-12-31
cmd_1465,vnd_29,clt_107,1973-09-17
cmd_1466,vnd_16,clt_65,2024-01-21
cmd_1467,vnd_7,clt_124,1973-08-27
cmd_1468,vnd_6,clt_47,1971-05-29
cmd_1469,vnd_14,clt_98,2011-08-30
cmd_1470,vnd_16,clt_240,1978-11-04
cmd_1471,vnd_1,clt_122,2016-11-19
cmd_1472,vnd_22,clt_150,2002-05-30
cmd_1473,vnd_8,clt_229,1998-05-18
cmd_1474,vnd_10,clt_18,1973-04-03
cmd_1475,vnd_18,clt_143,2001-12-23
cmd_1476,vnd_2,clt_195,1984-09-07
cmd_1477,vnd_21,clt_94,1992-02-01
cmd_1478,vnd_24,clt_32,2014-12-12
cmd_1479,vnd_25,clt_4,1975-04-23
cmd_1480,vnd_9,clt_270,2005-02-14
cmd_1481,vnd_24,clt_278,2024-01-31
cmd_1482,vnd_28,clt_77,1977-09-30
cmd_1483,vnd_26,clt_74,2024-05-18
cmd_1484,vnd_22,clt_247,2018-05-26
cmd_1485,vnd_29,clt_25,2000-02-09
cmd_1486,vnd_25,clt_160,1995-12-26
cmd_1487,vnd_23,clt_128,1970-03-09
cmd_1488,vnd_27,clt_17,1981-10-20
cmd_1489,vnd_24,clt_42,1990-03-10
cmd_1490,vnd_6,clt_141,1990-07-11
cmd_1491,vnd_17,clt_104,1972-10-06
cmd_1492,vnd_0,clt_180,2008-08-02
cmd_1493,vnd_0,clt_215,2016-08-30
cmd_1494,vnd_29,clt_8,1981-09-10
cmd_1495,vnd_25,clt_104,2020-10-08
cmd_1496,vnd_2,clt_45,2004-02-18
cmd_1497,vnd_25,clt_208,1984-03-18
cmd_1498,vnd_13,clt_210,1985-12-08
cmd_1499,vnd_2,clt_159,1974-06-09
cmd_1500,vnd_8,clt_96,2009-01-04
cmd_1501,vnd_25,clt_2,1980-12-02
cmd_1502,vnd_4,clt_294,2005-08-04
cmd_1503,vnd_26,clt_81,1983-05-11
cmd_1504,vnd_16,clt_275,2024-03-09
cmd_1505,vnd_20,clt_226,1976-09-25
cmd_1506,vnd_2,clt_227,1986-12-22
cmd_1507,vnd_21,clt_264,2003-04-19
cmd_1508,vnd_26,clt_75,1982-08-28
cmd_1509,vnd_5,clt_197,2024-08-19
cmd_1510,vnd_5,clt_144,2008-11-21
cmd_1511,vnd_25,clt_16,2023-05-14
cmd_1512,vnd_20,clt_189,1970-10-18
cmd_1513,vnd_5,clt_115,1993-03-02
cmd_1514,vnd_18,clt_106,1996-04-28
cmd_1515,vnd_18,clt_267,2014-04-09
cmd_1516,vnd_14,clt_298,1992-12-17
cmd_1517,vnd_2,clt_102,2006-08-14
cmd_1518,vnd_21,clt_172,2000-03-29
cmd_1519,vnd_18,clt_111,1985-02-03
cmd_1546,vnd_13,clt_186,1989-01-02
cmd_1547,vnd_24,clt_276,1975-03-08
cmd_1548,vnd_10,clt_38,1972-06-03
cmd_1549,vnd_6,clt_20,1994-08-02
cmd_1550,vnd_4,clt_215,1995-07-27
cmd_1551,vnd_8,clt_58,1989-05-23
cmd_1552,vnd_7,clt_145,1990-12-12
cmd_1553,vnd_22,clt_271,1979-12-03
cmd_1554,vnd_22,clt_114,2009-05-12
cmd_1555,vnd_23,clt_275,2004-10-08
cmd_1556,vnd_19,clt_6,1989-05-11
cmd_1557,vnd_16,clt_59,2010-10-19
cmd_1558,vnd_18,clt_71,2016-09-28
cmd_1559,vnd_16,clt_196,1985-02-12
cmd_1560,vnd_19,clt_68,2014-06-20
cmd_1561,vnd_1,clt_174,1982-08-18
cmd_1562,vnd_3,clt_41,2018-09-12
cmd_1563,vnd_5,clt_68,1978-03-08
cmd_1564,vnd_7,clt_204,2010-12-22
cmd_1565,vnd_0,clt_37,1985-04-27
cmd_1566,vnd_27,clt_180,1974-05-02
cmd_1567,vnd_29,clt_10,2015-12-15
cmd_1568,vnd_6,clt_298,1982-09-02
cmd_1569,vnd_18,clt_91,2021-01-22
cmd_1570,vnd_4,clt_67,2000-11-24
cmd_1571,vnd_22,clt_96,2020-11-19
cmd_1572,vnd_28,clt_122,2016-10-24
cmd_1573,vnd_5,clt_131,1981-04-04
cmd_1574,vnd_18,clt_106,2011-02-20
cmd_1575,vnd_10,clt_188,2000-10-28
cmd_1576,vnd_12,clt_236,1991-12-07
cmd_1577,vnd_9,clt_286,2016-01-17
cmd_1578,vnd_5,clt_186,1970-04-17
cmd_1579,vnd_7,clt_156,2013-08-29
cmd_1580,vnd_13,clt_213,2022-05-20
cmd_1581,vnd_25,clt_229,2007-10-11
cmd_1582,vnd_6,clt_169,1997-11-25
cmd_1583,vnd_13,clt_296,1985-07-14
cmd_1584,vnd_0,clt_18,2022-10-21
cmd_1585,vnd_7,clt_41,1993-04-06
cmd_1586,vnd_16,clt_24,2001-12-05
cmd_1587,vnd_5,clt_177,2012-02-07
cmd_1588,vnd_28,clt_112,1984-03-19
cmd_1589,vnd_1,clt_179,2012-11-22
cmd_1590,vnd_3,clt_74,2016-05-11
cmd_1591,vnd_29,clt_8,2018-07-17
cmd_1592,vnd_14,clt_94,2017-05-11
cmd_1593,vnd_27,clt_271,1972-05-04
cmd_1594,vnd_9,clt_211,2014-09-30
cmd_1595,vnd_25,clt_170,1993-09-12
cmd_1596,vnd_18,clt_50,1998-01-19
cmd_1597,vnd_27,clt_197,1993-08-31
cmd_1598,vnd_21,clt_289,1980-05-04
cmd_1599,vnd_7,clt_93,1970-12-30
cmd_1600,vnd_26,clt_11,1970-09-23
cmd_1601,vnd_11,clt_60,1991-08-12
cmd_1602,vnd_17,clt_223,2015-12-31
cmd_1603,vnd_25,clt_67,1998-12-06
cmd_1604,vnd_17,clt_29,1995-09-01
cmd_1605,vnd_29,clt_76,1981-01-18
cmd_1606,vnd_20,clt_256,1984-11-22
cmd_1607,vnd_2,clt_165,1999-06-21
cmd_1608,vnd_19,clt_231,2002-06-20
cmd_1609,vnd_3,clt_100,1999-02-14
cmd_1610,vnd_0,clt_225,1970-02-06
cmd_1611,vnd_2,clt_91,2017-12-10
cmd_1612,vnd_26,clt_105,2014-11-07
cmd_1613,vnd_25,clt_176,1972-01-28
cmd_1614,vnd_11,clt_263,1993-03-20
cmd_1615,vnd_7,clt_42,1972-11-13
cmd_1616,vnd_13,clt_177,1987-02-18
cmd_1617,vnd_8,clt_54,1993-05-05
cmd_1618,vnd_21,clt_133,1971-09-02
cmd_1619,vnd_13,clt_75,2005-09-07
cmd_1620,vnd_9,clt_238,2005-11-24
cmd_1621,vnd_15,clt_280,2021-08-29
cmd_1622,vnd_22,clt_258,1984-12-02
cmd_1623,vnd_13,clt_218,2005-04-15
cmd_1624,vnd_22,clt_163,1999-08-10
cmd_1625,vnd_22,clt_40,2009-09-22
cmd_1626,vnd_24,clt_63,1975-02-15
cmd_1627,vnd_20,clt_235,1993-02-23
cmd_1628,vnd_3,clt_162,1986-11-07
cmd_1629,vnd_14,clt_195,2006-11-27
cmd_1630,vnd_6,clt_86,1976-05-01
cmd_1631,vnd_8,clt_244,1997-05-04
cmd_1632,vnd_28,clt_257,2021-10-09
cmd_1633,vnd_19,clt_173,1971-09-16
cmd_1634,vnd_0,clt_81,1970-11-03
cmd_1635,vnd_0,clt_297,1982-02-03
cmd_1636,vnd_12,clt_84,2008-08-14
cmd_1637,vnd_29,clt_50,1979-09-02
cmd_1638,vnd_24,clt_163,2014-02-06
cmd_1639,vnd_12,clt_145,1995-01-30
cmd_1640,vnd_13,clt_142,2009-08-21
cmd_1641,vnd_25,clt_92,2003-11-03
cmd_1642,vnd_3,clt_42,2001-07-21
cmd_1643,vnd_20,clt_51,1993-12-30
cmd_1644,vnd_18,clt_166,1986-05-19
cmd_1645,vnd_0,clt_263,1978-04-27
cmd_1646,vnd_14,clt_196,1981-09-28
cmd_1647,vnd_23,clt_134,2012-01-11
cmd_1648,vnd_12,clt_215,2011-02-01
cmd_1649,vnd_22,clt_159,2019-11-12
cmd_1650,vnd_8,clt_96,1976-08-11
cmd_1651,vnd_27,clt_79,1982-09-05
cmd_1652,vnd_25,clt_69,2006-09-19
cmd_1653,vnd_2,clt_1,2009-10-13
cmd_1654,vnd_22,clt_243,2006-02-07
cmd_1655,vnd_11,clt_37,1990-08-23
cmd_1656,vnd_18,clt_289,1970-10-23
cmd_1657,vnd_11,clt_267,1975-04-27
cmd_1658,vnd_8,clt_152,2007-05-11
cmd_1659,vnd_9,clt_223,1971-11-23
cmd_1660,vnd_7,clt_6,2005-12-06
cmd_1661,vnd_9,clt_251,2008-02-09
cmd_1662,vnd_14,clt_215,1999-02-21
cmd_1663,vnd_25,clt_40,1973-02-15
cmd_1664,vnd_10,clt_18,1975-08-02
cmd_1665,vnd_11,clt_284,2016-08-17
cmd_1666,vnd_19,clt_15,1989-11-19
cmd_1667,vnd_10,clt_275,2001-01-18
cmd_1668,vnd_1,clt_33,2014-03-12
cmd_1669,vnd_3,clt_81,1986-11-12
cmd_1670,vnd_11,clt_63,1979-02-04
cmd_1671,vnd_25,clt_109,1989-11-02
cmd_1672,vnd_28,clt_256,1997-11-29
cmd_1673,vnd_6,clt_233,1986-04-14
cmd_1674,vnd_15,clt_16,1991-05-12
cmd_1675,vnd_8,clt_173,1975-09-18
cmd_1676,vnd_17,clt_208,2000-07-05
cmd_1677,vnd_18,clt_158,2014-04-29
cmd_1678,vnd_19,clt_47,2000-07-08
cmd_1679,vnd_16,clt_99,1979-05-01
cmd_1680,vnd_13,clt_159,2011-06-13
cmd_1681,vnd_4,clt_292,2022-03-24
cmd_1682,vnd_22,clt_39,1992-08-13
cmd_1683,vnd_28,clt_176,2009-10-08
cmd_1684,vnd_28,clt_251,1985-07-06
cmd_1685,vnd_18,clt_153,1999-06-19
cmd_1686,vnd_1,clt_93,2019-04-05
cmd_1687,vnd_27,clt_143,1986-07-02
cmd_1688,vnd_0,clt_180,2005-12-07
cmd_1689,vnd_27,clt_228,1983-09-24
cmd_1690,vnd_10,clt_299,2022-04-10
cmd_1691,vnd_2,clt_144,2011-08-13
cmd_1692,vnd_19,clt_290,1998-01-09
cmd_1693,vnd_4,clt_281,1974-12-01
cmd_1694,vnd_16,clt_163,1977-07-03
cmd_1695,vnd_22,clt_230,1977-01-25
cmd_1696,vnd_4,clt_29,1993-08-01
cmd_1697,vnd_2,clt_72,1992-07-27
cmd_1698,vnd_7,clt_193,2014-09-18
cmd_1699,vnd_29,clt_178,1973-12-02
cmd_1700,vnd_2,clt_118,1980-08-18
cmd_1701,vnd_5,clt_154,1992-12-28
cmd_1702,vnd_8,clt_283,1982-01-28
cmd_1703,vnd_0,clt_89,1981-12-03
cmd_1704,vnd_23,clt_25,1971-02-17
cmd_1705,vnd_18,clt_288,1989-08-27
cmd_1706,vnd_28,clt_168,1998-12-09
cmd_1707,vnd_13,clt_91,1978-03-08
cmd_1708,vnd_13,clt_193,1976-01-04
cmd_1709,vnd_3,clt_30,1998-09-29
cmd_1710,vnd_3,clt_117,1984-08-20
cmd_1711,vnd_24,clt_124,1997-12-14
cmd_1712,vnd_2,clt_281,1971-11-22
cmd_1713,vnd_24,clt_184,1999-10-20
cmd_1714,vnd_27,clt_110,1970-05-25
cmd_1715,vnd_6,clt_296,2020-01-15
cmd_1716,vnd_12,clt_91,2004-07-03
cmd_1717,vnd_18,clt_147,1973-10-14
cmd_1718,vnd_2,clt_197,1989-06-14
cmd_1719,vnd_10,clt_59,1991-06-16
cmd_1720,vnd_14,clt_41,1993-11-23
cmd_1721,vnd_7,clt_51,1992-03-13
cmd_1722,vnd_13,clt_154,1998-05-01
cmd_1723,vnd_23,clt_177,1991-05-14
cmd_1724,vnd_17,clt_46,1970-02-24
cmd_1725,vnd_8,clt_24,1977-02-18
cmd_1726,vnd_15,clt_90,2016-12-22
cmd_1727,vnd_19,clt_37,1993-09-14
cmd_1728,vnd_21,clt_58,1983-10-06
cmd_1729,vnd_1,clt_221,1979-09-27
cmd_1730,vnd_19,clt_26,2008-08-01
cmd_1731,vnd_13,clt_89,2007-02-05
cmd_1732,vnd_9,clt_60,1977-02-05
cmd_1733,vnd_10,clt_136,2024-01-09
cmd_1734,vnd_25,clt_67,2001-12-14
cmd_1735,vnd_23,clt_229,1971-07-24
cmd_1736,vnd_4,clt_82,2016-06-26
cmd_1737,vnd_10,clt_49,1977-06-30
cmd_1738,vnd_18,clt_66,1984-07-23
cmd_1739,vnd_12,clt_180,1970-09-26
cmd_1740,vnd_19,clt_63,1990-02-08
cmd_1741,vnd_14,clt_181,2000-11-26
cmd_1742,vnd_19,clt_246,1974-10-18
cmd_1743,vnd_22,clt_10,1996-04-16
cmd_1744,vnd_2,clt_93,1998-01-11
cmd_1745,vnd_5,clt_176,2020-06-23
cmd_1746,vnd_18,clt_102,1972-12-25
cmd_1747,vnd_23,clt_200,2024-05-08
cmd_1748,vnd_11,clt_297,1972-09-11
cmd_1749,vnd_28,clt_188,1986-11-18
cmd_1750,vnd_13,clt_276,2011-04-06
cmd_1751,vnd_23,clt_158,2023-06-23
cmd_1752,vnd_5,clt_126,2014-07-21
cmd_1753,vnd_4,clt_201,1976-07-26
cmd_1754,vnd_20,clt_236,2023-04-24
cmd_1755,vnd_11,clt_268,2010-04-02
cmd_1756,vnd_29,clt_14,1996-02-23
cmd_1757,vnd_5,clt_55,2009-01-07
cmd_1758,vnd_11,clt_299,1991-09-27
cmd_1759,vnd_11,clt_249,2016-02-29
cmd_1760,vnd_24,clt_82,1999-01-20
cmd_1761,vnd_17,clt_120,2000-05-28
cmd_1762,vnd_22,clt_199,2018-12-11
cmd_1763,vnd_23,clt_111,1976-07-10
cmd_1764,vnd_15,clt_242,2001-04-01
cmd_1765,vnd_19,clt_60,1979-02-16
cmd_1766,vnd_14,clt_62,1989-12-02
cmd_1767,vnd_1,clt_1,2021-07-29
cmd_1768,vnd_5,clt_207,1995-07-14
cmd_1769,vnd_3,clt_143,1985-05-15
cmd_1770,vnd_0,clt_197,1974-06-28
cmd_1771,vnd_21,clt_108,1978-07-26
cmd_1772,vnd_8,clt_7,1971-09-02
cmd_1773,vnd_7,clt_243,2010-05-25
cmd_1774,vnd_25,clt_91,1998-03-17
cmd_1775,vnd_24,clt_7,2016-08-11
cmd_1776,vnd_8,clt_273,1992-01-16
cmd_1777,vnd_14,clt_15,2003-03-13
cmd_1778,vnd_27,clt_23,1987-10-07
cmd_1779,vnd_8,clt_274,2000-07-28
cmd_1780,vnd_17,clt_79,1985-06-28
cmd_1781,vnd_26,clt_118,2007-09-17
cmd_1782,vnd_18,clt_2,1998-08-07
cmd_1783,vnd_8,clt_191,2023-07-15
cmd_1784,vnd_12,clt_161,2011-03-29
cmd_1785,vnd_18,clt_266,1976-08-16
cmd_1786,vnd_6,clt_99,1994-03-04
cmd_1787,vnd_16,clt_111,2003-05-10
cmd_1788,vnd_2,clt_14,2006-06-19
cmd_1789,vnd_18,clt_265,2011-04-12
cmd_1790,vnd_25,clt_213,1972-10-13
cmd_1791,vnd_7,clt_260,1998-08-04
cmd_1792,vnd_13,clt_90,1999-01-16
cmd_1793,vnd_12,clt_31,2017-04-04
cmd_1794,vnd_0,clt_229,1974-06-25
cmd_1795,vnd_11,clt_178,1982-11-03
cmd_1796,vnd_16,clt_118,2012-03-03
cmd_1797,vnd_18,clt_122,1992-11-29
cmd_1798,vnd_15,clt_207,2016-12-15
cmd_1799,vnd_24,clt_109,2018-11-12
cmd_1800,vnd_3,clt_294,2004-10-09
cmd_1801,vnd_8,clt_44,2004-12-20
cmd_1802,vnd_7,clt_166,2024-04-27
cmd_1803,vnd_26,clt_23,2012-01-15
cmd_1804,vnd_28,clt_153,1984-10-24
cmd_1805,vnd_29,clt_183,1973-02-05
cmd_1806,vnd_0,clt_35,2002-01-09
cmd_1807,vnd_18,clt_0,1995-01-18
cmd_1808,vnd_28,clt_189,1997-10-08
cmd_1809,vnd_13,clt_195,2023-08-26
cmd_1810,vnd_7,clt_27,1991-06-29
cmd_1811,vnd_13,clt_107,2013-07-27
cmd_1812,vnd_18,clt_248,2024-02-13
cmd_1813,vnd_28,clt_45,1973-02-16
cmd_1814,vnd_13,clt_6,2021-07-21
cmd_1815,vnd_22,clt_163,2002-09-02
cmd_1816,vnd_13,clt_28,1995-04-10
cmd_1817,vnd_23,clt_273,1984-02-28
cmd_1818,vnd_25,clt_235,2022-11-21
cmd_1819,vnd_28,clt_249,2007-08-02
cmd_1820,vnd_14,clt_207,2004-04-04
cmd_1821,vnd_24,clt_89,1983-01-06
cmd_1822,vnd_3,clt_135,1998-05-04
cmd_1823,vnd_9,clt_140,2011-06-09
cmd_1824,vnd_27,clt_241,2012-12-14
cmd_1825,vnd_12,clt_26,2017-05-16
cmd_1826,vnd_25,clt_223,2012-12-29
cmd_1827,vnd_22,clt_230,1983-04-10
cmd_1828,vnd_29,clt_265,1985-04-27
cmd_1829,vnd_2,clt_268,2019-11-17
cmd_1830,vnd_14,clt_167,2018-08-20
cmd_1831,vnd_23,clt_82,1979-07-27
cmd_1832,vnd_28,clt_237,1997-05-26
cmd_1833,vnd_1,clt_67,1990-12-13
cmd_1834,vnd_25,clt_29,1991-05-09
cmd_1835,vnd_13,clt_136,1981-07-03
cmd_1836,vnd_6,clt_54,2014-05-04
cmd_1837,vnd_11,clt_210,2004-04-27
cmd_1838,vnd_11,clt_137,1986-09-18
cmd_1839,vnd_5,clt_52,2013-11-06
cmd_1840,vnd_14,clt_168,1982-04-01
cmd_1841,vnd_18,clt_12,1986-08-16
cmd_1842,vnd_2,clt_129,2019-01-10
cmd_1843,vnd_1,clt_87,2005-03-30
cmd_1844,vnd_24,clt_66,2007-04-08
cmd_1845,vnd_10,clt_174,1987-09-21
cmd_1846,vnd_26,clt_201,1984-04-04
cmd_1847,vnd_11,clt_97,1989-11-17
cmd_1848,vnd_1,clt_134,1994-06-22
cmd_1849,vnd_9,clt_244,1971-03-14
cmd_1850,vnd_1,clt_260,2010-01-05
cmd_1851,vnd_13,clt_130,2014-11-17
cmd_1852,vnd_20,clt_286,1989-06-22
cmd_1853,vnd_26,clt_242,1972-12-04
cmd_1854,vnd_24,clt_71,2010-04-05
cmd_1855,vnd_29,clt_51,1971-10-19
cmd_1856,vnd_1,clt_113,1993-02-22
cmd_1857,vnd_19,clt_263,2012-05-04
cmd_1858,vnd_20,clt_224,1977-10-03
cmd_1859,vnd_9,clt_111,2007-04-30
cmd_1860,vnd_19,clt_203,2008-11-28
cmd_1861,vnd_17,clt_204,1979-07-16
cmd_1862,vnd_12,clt_78,1987-03-14
cmd_1863,vnd_29,clt_22,2014-06-04
cmd_1864,vnd_26,clt_126,2005-06-29
cmd_1865,vnd_7,clt_105,1982-12-04
cmd_1866,vnd_0,clt_196,1980-09-28
cmd_1867,vnd_29,clt_120,1987-04-22
cmd_1868,vnd_23,clt_278,1986-11-16
cmd_1869,vnd_14,clt_280,2002-06-10
cmd_1870,vnd_22,clt_258,2018-06-19
cmd_1871,vnd_24,clt_116,2002-10-15
cmd_1872,vnd_8,clt_258,2008-09-17
cmd_1873,vnd_22,clt_85,1992-02-18
cmd_1874,vnd_18,clt_168,2008-05-16
cmd_1875,vnd_1,clt_217,2020-08-29
cmd_1876,vnd_21,clt_240,1994-04-02
cmd_1877,vnd_25,clt_12,1997-09-15
cmd_1878,vnd_24,clt_246,1984-08-04
cmd_1879,vnd_8,clt_190,1989-08-14
cmd_1880,vnd_0,clt_128,2003-01-25
cmd_1881,vnd_3,clt_206,2004-07-07
cmd_1882,vnd_13,clt_159,1985-05-19
cmd_1883,vnd_21,clt_57,1996-06-18
cmd_1884,vnd_19,clt_204,1988-09-15
cmd_1885,vnd_8,clt_114,2013-03-01
cmd_1886,vnd_16,clt_224,2009-07-09
cmd_1887,vnd_15,clt_207,2004-11-27
cmd_1888,vnd_2,clt_45,1973-11-08
cmd_1889,vnd_11,clt_292,1994-12-21
cmd_1890,vnd_15,clt_8,1996-01-15
cmd_1891,vnd_15,clt_35,2017-11-14
cmd_1892,vnd_3,clt_96,1975-07-21
cmd_1893,vnd_21,clt_85,1993-03-30
cmd_1894,vnd_28,clt_264,2020-03-01
cmd_1895,vnd_4,clt_227,2014-12-06
cmd_1896,vnd_27,clt_20,1975-09-29
cmd_1897,vnd_9,clt_184,2005-09-12
cmd_1898,vnd_6,clt_120,2021-01-18
cmd_1899,vnd_9,clt_115,1972-04-20
cmd_1900,vnd_11,clt_73,2010-01-21
cmd_1901,vnd_3,clt_291,1981-11-11
cmd_1902,vnd_11,clt_88,2003-03-03
cmd_1903,vnd_10,clt_160,1987-04-14
cmd_1904,vnd_26,clt_264,2011-01-07
cmd_1905,vnd_24,clt_190,2011-07-06
cmd_1906,vnd_15,clt_124,1976-02-27
cmd_1907,vnd_0,clt_293,1977-06-15
cmd_1908,vnd_12,clt_284,2004-11-16
cmd_1909,vnd_25,clt_224,1999-05-20
cmd_1910,vnd_14,clt_228,1995-03-05
cmd_1911,vnd_12,clt_119,2020-10-15
cmd_1912,vnd_28,clt_21,1985-06-17
cmd_1913,vnd_2,clt_57,2024-06-02
cmd_1914,vnd_2,clt_279,1995-09-08
cmd_1915,vnd_0,clt_266,1998-11-26
cmd_1916,vnd_22,clt_30,2006-12-18
cmd_1917,vnd_7,clt_89,1972-12-07
cmd_1918,vnd_12,clt_20,1972-09-01
cmd_1919,vnd_9,clt_84,1973-12-21
cmd_1920,vnd_6,clt_119,1989-08-05
cmd_1921,vnd_20,clt_60,1998-07-28
cmd_1922,vnd_22,clt_8,2009-04-13
cmd_1923,vnd_20,clt_142,1997-12-19
cmd_1924,vnd_2,clt_131,1993-04-02
cmd_1925,vnd_12,clt_164,1972-11-01
cmd_1926,vnd_20,clt_190,1993-01-17
cmd_1927,vnd_21,clt_299,1971-05-30
cmd_1928,vnd_6,clt_278,2004-09-30
cmd_1929,vnd_8,clt_295,1998-05-18
cmd_1930,vnd_16,clt_5,1994-01-31
cmd_1931,vnd_0,clt_141,2016-08-01
cmd_1932,vnd_16,clt_134,2004-06-05
cmd_1933,vnd_0,clt_70,1973-09-25
cmd_1934,vnd_11,clt_28,2011-01-14
cmd_1935,vnd_16,clt_151,2024-06-25
cmd_1936,vnd_3,clt_20,1999-01-26
cmd_1937,vnd_5,clt_200,1971-10-17
cmd_1938,vnd_5,clt_248,2003-04-21
cmd_1939,vnd_17,clt_65,1986-10-29
cmd_1940,vnd_15,clt_270,2005-08-04
cmd_1941,vnd_26,clt_163,2021-03-17
cmd_1942,vnd_3,clt_40,1999-04-06
cmd_1943,vnd_4,clt_149,1977-06-26
cmd_1944,vnd_25,clt_5,1974-08-26
cmd_1945,vnd_9,clt_116,2010-01-13
cmd_1946,vnd_8,clt_166,1996-04-28
cmd_1947,vnd_22,clt_145,1971-09-26
cmd_1948,vnd_9,clt_127,1998-06-30
cmd_1949,vnd_25,clt_222,2018-05-13
cmd_1950,vnd_5,clt_53,1989-06-30
cmd_1951,vnd_10,clt_178,2011-01-29
cmd_1952,vnd_15,clt_298,2019-06-16
cmd_1953,vnd_8,clt_197,1983-07-22
cmd_1954,vnd_13,clt_56,2014-05-29
cmd_1955,vnd_23,clt_138,2009-12-22
cmd_1956,vnd_12,clt_103,2009-01-28
cmd_1957,vnd_9,clt_67,1997-10-04
cmd_1958,vnd_13,clt_193,1986-10-19
cmd_1959,vnd_7,clt_276,2011-06-07
cmd_1960,vnd_10,clt_184,1986-11-26
cmd_1961,vnd_25,clt_18,1987-01-27
cmd_1962,vnd_7,clt_71,1996-09-27
cmd_1963,vnd_15,clt_248,2016-10-19
cmd_1964,vnd_11,clt_187,1995-07-11
cmd_1965,vnd_12,clt_15,2003-11-20
cmd_1966,vnd_2,clt_71,2024-09-17
cmd_1967,vnd_15,clt_294,1996-11-02
cmd_1968,vnd_11,clt_273,1988-03-30
cmd_1969,vnd_16,clt_127,2016-01-01
cmd_1970,vnd_17,clt_146,1984-12-13
cmd_1971,vnd_10,clt_277,1986-04-12
cmd_1972,vnd_29,clt_276,1998-06-01
cmd_1973,vnd_12,clt_262,1985-06-12
cmd_1974,vnd_15,clt_269,1974-10-19
cmd_1975,vnd_0,clt_209,1972-03-20
cmd_1976,vnd_2,clt_45,2006-01-02
cmd_1977,vnd_7,clt_134,1992-07-07
cmd_1978,vnd_16,clt_144,2018-02-22
cmd_1979,vnd_14,clt_99,2003-04-03
cmd_1980,vnd_26,clt_105,2006-12-19
cmd_1981,vnd_8,clt_83,2005-12-09
cmd_1982,vnd_12,clt_83,2003-11-02
cmd_1983,vnd_4,clt_26,2019-03-28
cmd_1984,vnd_16,clt_180,2018-10-03
cmd_1985,vnd_14,clt_238,1970-06-20
cmd_1986,vnd_13,clt_263,1996-02-29
cmd_1987,vnd_5,clt_259,1975-12-06
cmd_1988,vnd_14,clt_2,2020-12-23
cmd_1989,vnd_13,clt_61,1993-05-26
cmd_1990,vnd_9,clt_20,1979-01-28
cmd_1991,vnd_12,clt_179,1982-05-20
cmd_1992,vnd_19,clt_163,2009-12-20
cmd_1993,vnd_10,clt_278,1983-10-15
cmd_1994,vnd_28,clt_177,2011-12-05
cmd_1995,vnd_20,clt_40,2013-10-25
cmd_1996,vnd_23,clt_121,1990-12-17
cmd_1997,vnd_15,clt_282,1992-05-10
cmd_1998,vnd_13,clt_141,2016-10-25
cmd_1999,vnd_4,clt_296,2017-01-04
